CALAMONTE,38.8868644104,-6.38291463839
ALMENDRALEJO,38.684647897,-6.39978804338
VILLAFRANCA DE LOS BARROS,38.5645133775,-6.3520556669
LOS SANTOS DE MAIMONA,38.4495632838,-6.36165696706
BALNEARIO DE EL RAPOSO,38.3864347014,-6.32515764361
USAGRE-BIENVENIDA,38.3340786535,-6.18668091817
GUAREÑA,38.8971539254,-6.12821472987
ZARZA DE ALANJE,38.8361426916,-6.2300529221
DON ALVARO,38.8385914119,-6.26598547797
LA GARROVILLA,38.9157113797,-6.47407917699
TORREMAYOR,38.9130694065,-6.53867414131
MONTIJO,38.913995698,-6.61827818177
EL FRESNAL,38.9284607056,-6.75017869811
MONTIJO-EL MOLINO,38.9151646052,-6.62611377708
GEVORA,38.9181530958,-6.92951374611
AZUER,39.0315240129,-3.49223239156
DAIMIEL,39.0614583188,-3.60423494172
EL CAMPILLO,38.973535888,-3.65630142709
POZUELO DE CALATRAVA,38.9546416941,-3.80182545718
BELMEZ,38.2630850222,-5.20817021891
ESPIEL,38.1766248848,-5.04679561725
EL VACAR-VILLAHARTA,38.0828237831,-4.858743221
OBEJO,38.0321645595,-4.78856434813
CERRO MURIANO,38.001534362,-4.77049834479
BALANZONA,37.9737352861,-4.75891576269
LOS PRADILLOS,37.9193557119,-4.76757721605
MIRABUENO,37.8886467728,-4.78974369809
GUADALCANAL,38.0902770411,-5.80344197057
HAMAPEGA,38.0496448476,-5.77892157688
ALFAFAR-BENETUSSER,39.4223102997,-0.392592050988
VALENCIA FUENTE SAN LUIS,39.4390429686,-0.359886996703
BARCELONA-SAGRERA,41.4257765859,2.19502981727
MAÇANET-MASSANES,41.7737445477,2.67376508837
VALENCIA-LA FONT DE SANT LLUIS,39.4414399989,-0.369898774099
SEVILLA-CTT,37.4122932086,-5.95700766637
ALCALA DE GUADAIRA-POLO DESARROLLO,37.3652055524,-5.86365104608
VIGO-BERBES,42.240967909,-8.72507626325
ANTEQUERA-SANTA ANA,37.0706518114,-4.71950999541
XATIVA,38.9922003901,-0.524531371094
SANT VICENT CENTRE,38.3946211106,-0.528732599932
XIRIVELLA-L ALTER,39.4636779091,-0.420925074869
VILLAVERDE-CLASIFICACION,40.3444760192,-3.68323039179
FERROL,43.4882153014,-8.23134303102
BETANZOS-INFESTA,43.2708256117,-8.22624503466
SANTURTZI-PUERTO,43.3352787468,-3.03659212841
SANTURTZI,43.3287451849,-3.02999059708
VENTA DE BAÑOS,41.917221411,-4.49593687201
CAMPSA,41.6975054248,-4.67845586533
VALLADOLID-CAMPO GRANDE,41.6410111572,-4.72919776785
VALLADOLID-ARGALES,41.6229834953,-4.73951622816
MADRID-CHAMARTIN,40.4727595934,-3.68198422307
PITIS,40.4954275083,-3.72615638262
EL TEJAR,40.511095999,-3.85625965623
PINAR DE LAS ROZAS,40.5222785539,-3.88225218832
LAS MATAS,40.5523226205,-3.89680685834
VILLALBA DE GUADARRAMA,40.6264759733,-4.00806871053
LA RODA DE ANDALUCIA,37.2093237097,-4.77498475664
LUGO DE LLANERA,43.44236712,-5.81595199075
LEON-CLASIFICACION,42.5815104288,-5.58011457112
LA BAÑEZA,42.2982850294,-5.90509884381
GUILLAREI,42.0640421472,-8.62186058512
CERCEDA-MEIRAMA,43.207672761,-8.44663321176
MEIRAMA-PICARDEL,43.2161457979,-8.45027680195
FASA-RENAULT,41.9593418591,-4.49979368836
 FAXIL,42.5276699736,-8.64768466696
AGURAIN/SALVATIERRA DE ALAVA,42.8464424468,-2.38890518126
EGUINO,42.8681561066,-2.26152575983
ALTSASU,42.8939621834,-2.18145008925
ZEGAMA-OTZAURTE,42.9394866884,-2.26355790954
BRINKOLA,43.0188788719,-2.33457479332
ZUMARRAGA,43.0873235284,-2.31997541006
TOLOSA,43.1355390693,-2.07891544022
SAN SEBASTIAN/DONOSTIA,43.3177170771,-1.97671575757
LEZO-RENTERIA,43.3158677248,-1.89927609351
IRUN,43.3394639498,-1.80119769817
HENDAYA,43.3530540004,-1.78170307039
UNIVERSIDAD-CANTOBLANCO,40.5436991658,-3.70062939783
EL GOLOSO,40.5581017568,-3.71435975516
TRES CANTOS,40.5984544561,-3.71599805101
COLMENAR VIEJO,40.6446972603,-3.77675145284
MANZANARES-SOTO EL REAL,40.7174683515,-3.79368823306
BUSTARVIEJO-VALDEMANCO,40.8500149539,-3.68689485456
ROBREGORDO-SOMOSIERRA,41.1070487013,-3.59155889726
RIAZA,41.2575200352,-3.50734588541
MADERUELO-LINARES,41.5029275626,-3.5427463466
ESCOMBRERAS,37.5747552254,-0.925758665061
CAUDETE,38.7161293156,-0.959745516123
VILLENA,38.6318358739,-0.867675182831
ALACANT-TERMINAL,38.3445933663,-0.495519554418
BENIEL,38.0447773137,-0.999535167981
ORIHUELA,38.0778841259,-0.944536600893
ALBATERA-CATRAL,38.1670056994,-0.838100905343
SANT GABRIEL,38.329048236,-0.508730709487
L ALCUDIA,38.969051758,-0.586422934053
ONTINYENT,38.8094947385,-0.602619962054
ALCOI,38.7094830729,-0.470292585374
CULLERA,39.1778335319,-0.263250822059
GANDIA-MERCANCIAS,38.9834836073,-0.181017828414
GANDIA,38.9703153725,-0.179998814241
PLATJA I GRAU DE GANDIA,38.990116808,-0.162600929439
GANDIA-PUERTO,38.9923204261,-0.159345623542
LA SECA,42.7579176573,-5.64335338043
LA ROBLA,42.8044254628,-5.62646771637
BUSDONGO,42.9842084171,-5.70764800448
PUENTE DE LOS FIERROS,43.0725756524,-5.76952114269
POLA DE LENA,43.1590202384,-5.831219555
UJO,43.2065209346,-5.79195904747
ABLAÑA,43.2676040568,-5.80479873605
SOTO DE REY,43.3074310877,-5.85722466796
LLAMAQUIQUE,43.3569086636,-5.8566759113
OVIEDO,43.3633322833,-5.85855883724
LUGONES,43.403628604,-5.81312905784
VILLABONA DE ASTURIAS,43.4616491467,-5.82567049651
SERIN,43.504368617,-5.7841948217
VERIÑA,43.5415406648,-5.7224764415
GIJON-JOVELLANOS,43.5392367191,-5.67511153596
GIJON-CERCANIAS,43.5408201421,-5.66718516457
OLLONIEGO,43.2961940291,-5.81876427963
TUDELA-VEGUIN,43.3310938643,-5.77674103733
EL ENTREGO,43.2872046616,-5.64467948997
NUBLEDO,43.5233524696,-5.87020115893
TRASONA,43.5553980121,-5.86307821074
AVILES,43.561294362,-5.9228323016
SAN JUAN DE NIEVA,43.5878952444,-5.93133835522
POAGO,43.5259722865,-5.73878818843
GIJON-PUERTO,43.5523828756,-5.68869185373
VIELLA,43.3891288256,-5.78603381246
OSORNO,42.4177586576,-4.35710472367
QUINTANILLA DE LAS TORRES,42.820466927,-4.20254747957
MATAPORQUERA,42.8715841423,-4.16428704126
REINOSA,42.9947278334,-4.14011999203
BARCENA,43.1287358729,-4.05455847205
LOS CORRALES DE BUELNA,43.2552258387,-4.06398098734
TORRELAVEGA,43.3275515983,-4.04271355919
SIERRAPANDO,43.3427487127,-4.02575251172
RENEDO,43.3512953007,-3.94716582461
GUARNIZO,43.3926848125,-3.85807153928
MURIEDAS,43.4269778986,-3.84841203011
SANTANDER,43.457792062,-3.81468513191
PORTAS,42.5879026066,-8.65821346169
A CORUÑA-SAN DIEGO,43.3572958737,-8.39725750652
RIO BERNESGA,42.5545430385,-5.58983600767
PONFERRADA-CLASIFICACION,42.5493808799,-6.60937922177
CENTRAL LECHERA,43.3878294792,-5.78297382354
CANTERA LUGONES,43.4037099735,-5.83759993453
PARQUE DE CARBONES DE ABOÑO,43.5508791517,-5.72481703689
EL MUSEL,43.5543286155,-5.69971502459
HUENEJA-DOLAR,37.2215041251,-2.94908598138
SAN JERONIMO,37.4326233057,-5.97600062653
MALAGA-PUERTO,36.7151101574,-4.42010869637
PORT DE CASTELLO,39.9755188391,0.0165152358493
TORTOSA,40.8072876614,0.523019864462
MADRID-ABROÑIGAL,40.3876173002,-3.67771081129
MADRID-PUERTA DE ATOCHA,40.4061578954,-3.68991179571
MANZANARES,39.0058108463,-3.37053891043
VALDEPEÑAS,38.7632806995,-3.39594535813
SANTA CRUZ DE MUDELA,38.6446292837,-3.45152693088
VENTA DE CARDENAS,38.4357203619,-3.49603420748
VADOLLANO,38.1355965527,-3.55786702341
LINARES-BAEZA,38.0691508258,-3.58932636365
ANDUJAR,38.0281846703,-4.06605264103
LOS SILES,38.0084312968,-4.23150675739
CAMPUS UNIVERSITARIO DE RABANALES,37.9125726118,-4.72057061893
CORDOBA-CENTRAL,37.8884861912,-4.78950189341
EL HIGUERON,37.8672811176,-4.85030940556
PALMA DEL RIO,37.7180871761,-5.29260829761
LORA DEL RIO,37.6611004319,-5.5309636987
LOS ROSALES,37.5898443059,-5.72521552996
MAJARABIQUE-ESTACION,37.4558067661,-5.96018882868
SEVILLA-SANTA JUSTA,37.3923393244,-5.97474949012
LA SALUD,37.3290886676,-5.96369357322
DOS HERMANAS,37.2871685558,-5.92341092289
UTRERA,37.183403227,-5.79001309841
LEBRIJA,36.9299760208,-6.08631549597
JEREZ DE LA FRONTERA,36.6800322969,-6.12645394161
PUERTO DE SANTA MARIA,36.6040067785,-6.21774015675
LAS ALETAS,36.5444662108,-6.19871242291
CORTADURA,36.4943744742,-6.26807190832
CADIZ,36.5291515852,-6.28809913089
ALGODOR,39.9142682713,-3.86296468576
QUART POBLET,39.4819110638,-0.443092995019
SAN MARTIN DE LA VEGA,40.2190775702,-3.56727476062
HELLIN,38.5087895206,-1.68855307273
CALASPARRA,38.2692254761,-1.67990485569
CIEZA,38.2465891962,-1.42179579082
ALCANTARILLA,37.972159793,-1.21575215584
MURCIA CARGAS,37.969628344,-1.19496495199
MURCIA DEL CARMEN,37.9748025636,-1.13155516639
EL REGUERON,38.0058691676,-1.02962958681
CARTAGENA,37.6050200331,-0.97500918793
ALCANTARILLA-LOS ROMANOS,37.9642537076,-1.21697403613
LORCA-SUTULLENA,37.67203285,-1.69624026381
ALMENDRICOS,37.4747508461,-1.77957397761
JARAVIA,37.3924412022,-1.69301676724
AGUILAS,37.4098227978,-1.57252971021
FORD,39.3159871299,-0.418732430164
PUÇOL,39.6204616794,-0.303093167037
ALMENARA,39.7515452795,-0.216311303847
VILA-REAL,39.93304579,-0.0967401479399
CASTELLO DE LA PLANA,39.9883107607,-0.0522686717362
LES PALMES,40.0236543705,-0.00168349806982
ORPESA,40.092299919,0.139823238314
VINAROS,40.4716341407,0.455673802562
ULLDECONA-ALCANAR-LA SENIA,40.5959159325,0.44931227272
L ALDEA-AMPOSTA-TORTOSA,40.7535694293,0.614266448345
VANDELLOS,40.9533348835,0.86638666058
CAMBRILS,41.069351242,1.05293585589
SALOU,41.0774447828,1.12923651594
PORT AVENTURA,41.0884645579,1.14599155903
MEDINACELI-A.V.,41.1202173912,-2.34953855621
LOS COTOS,40.8220473756,-3.96489337595
PUERTO DE NAVACERRADA,40.7841086369,-4.00550555866
FRESNO EL VIEJO,41.1902320552,-5.1380914738
CANTALAPIEDRA,41.1334724398,-5.18336071934
SALAMANCA,40.9717946178,-5.64852093599
LA ALAMEDILLA,40.9668343308,-5.6562767923
TEJARES-CHAMBERI,40.9535078455,-5.69095119276
FUENTE DE SAN ESTEBAN-BOADILLA,40.7926228888,-6.24917782203
CIUDAD RODRIGO,40.6088333347,-6.53051846535
FUENTES DE OÑORO,40.6021132007,-6.82266197169
VILAR  FORMOSO,40.6063226577,-6.82931922411
PEÑARANDA DE BRACAMONTE,40.8955525413,-5.20132823301
SAN PEDRO DEL ARROYO,40.8039820872,-4.86894967294
VILLAFRIA,42.3617681829,-3.62205964543
CBDOR CHAMARTIN,40.4792606159,-3.67896631434
CBDOR MEDINA,41.3055523718,-4.90265295561
CBDOR VALDESTILL,41.4835113358,-4.78051071954
CBDOR VALLADOLID,41.6453244004,-4.71692075468
CASETAS,41.7231108003,-1.02136062599
MENGIBAR-ARTICHUELA,37.9778582407,-3.8022379657
JAEN,37.7799174224,-3.79078792025
UNIVERSIDAD DE CADIZ,36.5292576859,-6.20598263868
CAMBIADR ALCOLEA,37.9246683175,-4.69194593551
LOS PROPIOS Y CAZORLA,37.8920386954,-3.28250190521
HUELMA,37.6195200653,-3.29531861607
MOREDA,37.4311386091,-3.31053369186
GUADIX,37.3168479148,-3.1271554947
LA CALAHORRA-FERREIRA,37.2528665624,-3.02920717477
MINAS DEL MARQUESADO,37.1890229145,-3.10321429184
FIÑANA,37.1846971603,-2.83970797693
FUENTE SANTA,37.0443017506,-2.5248241477
ALMERIA,36.8346819149,-2.45615356374
ALBOLOTE,37.2339881758,-3.64703562152
GRANADA,37.1839998849,-3.60913613032
BOBADILLA,37.0375587313,-4.7277452375
ALMARGEN-CAÑETE LA REAL,37.0010242567,-5.02010932843
RONDA,36.7484192293,-5.16195843658
GAUCIN,36.5403639506,-5.38686916547
SAN ROQUE-LA LINEA,36.2136100551,-5.43196142482
ALGECIRAS,36.1264519365,-5.44896892666
MIRAFLORES-LA LINEA,36.2052516378,-5.42638840319
CADIZ-PUERTO,36.5349560153,-6.29072401117
TALLERES,41.3463709836,2.13387204853
MERCABARNA,41.3286074483,2.13827489038
CENTRAL TERMICA,40.999946733,-0.38157252557
ALGUAZAS-MOLINA,38.0515900623,-1.24525722702
CARTAGENA-PUERTO,37.5996262244,-0.975682971168
AGUILAS PTO.,37.408846766,-1.5647492571
ALACANT-PORT,38.3358949952,-0.493498864324
GRAO DE VALENCIA,39.4581717537,-0.332446709002
VALENCIA PUERTO,39.4619330304,-0.32420930917
EL SORBITO,37.207334872,-5.70671491487
ARAHAL,37.2681352647,-5.5483917683
OSUNA,37.2337882863,-5.11484699605
FUENTE DE PIEDRA,37.1353136042,-4.73795605691
LOJA-SAN FRANCISCO,37.1749658569,-4.14954851284
SALINAS-VILLANUEVA DE TAPIA,37.1229935974,-4.2975215594
ANTEQUERA,37.0281722108,-4.56092704993
CABDOR ANTEQUERA,37.066497204,-4.7203427896
CORDOBA-EL HIGUERON,37.8756175047,-4.82268339993
VALCHILLON,37.8365198339,-4.8324384229
MONTILLA,37.5788214578,-4.63411190397
CAMPO REAL,37.4015730372,-4.70931604521
PUENTE GENIL,37.3959915372,-4.75293857372
ALORA,36.8198149148,-4.69965487598
LOS PRADOS,36.6971742518,-4.47839164791
MARIA ZAMBRANO,36.7119761349,-4.43172850643
MALAGA-AG.K191.4,36.707180881,-4.44157242591
CAMBIADOR DE CORDOBA,37.8780929427,-4.80792869572
MALAGA-CENTRO ALAMEDA,36.7159775112,-4.42667506694
JABALQUINTO,38.0005312637,-3.70884063967
MENGIBAR-LAS PALOMERAS,37.9891520695,-3.78345096949
ESPELUY,38.0101727935,-3.83223404543
VILLANUEVA DE LA REINA,38.0042042294,-3.92390875248
ARJONILLA,38.0104940746,-4.11698769298
MARMOLEJO,38.0189233448,-4.16893639216
VILLA DEL RIO,37.9829705135,-4.28193684228
MONTORO,38.0079526859,-4.38233682455
PEDRO ABAD,37.9556484066,-4.44251535887
EL CARPIO DE CORDOBA,37.9417712676,-4.48881389905
VILLAFRANCA DE CORDOBA,37.9497550544,-4.53623874558
LOS CANSINOS,37.9110767855,-4.60218186122
ALCOLEA DE CORDOBA,37.9331673201,-4.67498772935
VILLARRUBIA DE CORDOBA,37.8477465155,-4.91394079202
ALMODOVAR DEL RIO,37.8136821065,-5.00825559093
POSADAS,37.8039719154,-5.10620139071
HORNACHUELOS,37.7740036754,-5.20591016582
PEÑAFLOR,37.7075138329,-5.34149482299
EL PRIORATO,37.6902216427,-5.43333126098
AZANAQUE,37.5927378342,-5.63502560473
GUADAJOZ,37.5813778094,-5.66988608167
CANTILLANA,37.5748897899,-5.80319203831
BRENES,37.5462793075,-5.8666703452
LA RINCONADA,37.4800697988,-5.93991382251
SAN BERNARDO,37.3777096855,-5.97940651839
VIRGEN DEL ROCIO,37.362761247,-5.97579306975
BELLAVISTA,37.3215448021,-5.96419159135
LOS MERINALES,37.3088536132,-5.96924544205
CANTAELGALLO,37.278439206,-5.91055805614
DON RODRIGO,37.233922168,-5.84847430791
LAS ALCANTARILLAS,37.0921327151,-5.86254291505
LAS CABEZAS DE SAN JUAN,37.019383933,-5.94639949075
EL CUERVO,36.8338114029,-6.06663611951
LA PARRA,36.7531690912,-6.0644946836
JEREZ DE LA FRONTERA MERCANCIAS,36.7209404562,-6.09333651195
CAÑADA ANCHA,36.7185023381,-6.09478846513
EL PORTAL,36.6379270029,-6.13186001218
AZUCARERA DEL GUADALETE,36.657307882,-6.12707438803
VALDELAGRANA,36.5845790957,-6.2160175775
PUERTO REAL,36.5327249875,-6.18932379285
SAN FERNANDO CENTRO (APD),36.4757655724,-6.19396751982
SAN FERNANDO BAHIA SUR,36.4678442342,-6.20658185759
ESTADIO,36.502939059,-6.27190080483
SEGUNDA AGUADA,36.5135771737,-6.27681001785
SAN SEVERIANO,36.5214918393,-6.28050640784
CADIZ CONTENEDORES,36.536598734,-6.28924758827
TORREGORDA,36.461304925,-6.24914540717
VILLARGORDO,37.9136006821,-3.78409985391
GRAÑENA,37.8388425542,-3.76533858136
TORREBLASCOPEDRO,37.9971267473,-3.61963803685
BEGIJAR,37.9556518522,-3.5355742568
GARCIEZ Y JIMENA,37.925857209,-3.46140999906
JODAR-UBEDA,37.9133409746,-3.35018632577
QUESADA - KM. 61.9,37.8396701745,-3.24060920088
LARVA,37.7771179029,-3.23169725465
HUESA,37.7170570403,-3.18705507144
CABRA DEL SANTO CRISTO Y ALICUN,37.6567254923,-3.26253294413
ALAMEDILLA-GUADAHORTUNA,37.5803513328,-3.30291988835
PEDRO MARTINEZ,37.5086289469,-3.32066106202
HUELAGO-DARRO Y DIEZMA,37.4053753296,-3.25073120367
FONELAS,37.3629140117,-3.1849288186
BENALUA DE GUADIX,37.3452958269,-3.16314415316
ABLA Y ABRUCENA,37.1674889998,-2.78397565501
DOÑA MARIA DE OCAÑA,37.1437225944,-2.69105214825
GERGAL,37.1088505082,-2.59150876261
NACIMIENTO,37.1369103543,-2.6300779429
SANTA FE Y ALHAMA,36.9722774168,-2.5268752479
GADOR,36.9515735075,-2.48746211129
HOLCIM,36.939040601,-2.46856708569
BENAHADUX-PECHINA,36.9225227107,-2.45545281879
HUERCAL-VIATOR,36.8834893082,-2.4362080165
BOGARRE,37.4125326122,-3.36259410917
PIÑAR,37.4002499615,-3.42428510643
IZNALLOZ,37.3958776728,-3.52787905918
DEIFONTES,37.3325940347,-3.59650750865
CALICASAS,37.2908528543,-3.6603062861
CAMPILLOS,37.0321883084,-4.86351165222
TEBA,36.9945649774,-4.92396826129
SETENIL,36.8624474509,-5.12111402218
ATALAYA,36.941607324,-5.08291830844
PARCHITE - KM. 60.4,36.8102157279,-5.11369114934
ARRIATE,36.7910613203,-5.14018835679
LA INDIANA,36.7608667994,-5.1965695976
BENAOJAN-MONTEJAQUE,36.7137657438,-5.2464015017
JIMERA DE LIBAR,36.6607306813,-5.28149924663
CORTES DE LA FRONTERA,36.5973703101,-5.33280122287
SAN PABLO,36.4679255599,-5.41899994009
JIMENA DE LA FRONTERA,36.4242941077,-5.43427161235
CASTELLAR DE LA FRONTERA -K M. 146.9,36.331056795,-5.40672613644
ALMORAIMA,36.2767298897,-5.43009762104
LOS BARRIOS,36.1738804322,-5.46077655278
PARADAS,37.3033035178,-5.50021672012
MARCHENA,37.3342201964,-5.42544774952
OJUELOS-LANTEJUELO,37.3148060858,-5.29630163355
AGUADULCE,37.2480652018,-5.00834702613
PEDRERA,37.2223664657,-4.89369985648
ATARFE-SANTA FE,37.2167943507,-3.69592480472
SIERRA ELVIRA,37.2262374439,-3.71842231679
PINOS PUENTE,37.2472877944,-3.75605077104
ANZOLA,37.2530908874,-3.7851583989
SAN PASCUAL,37.2499006657,-3.80272180125
ILLORA-LACHAR,37.2501578004,-3.85903184675
ALOMARTES,37.2418865864,-3.91225026776
TOCON-MONTEFRIO,37.232994467,-3.96314678403
VILLANUEVA-MESIA,37.2182176695,-4.01611554259
HUETOR-TAJAR,37.2039782271,-4.05930938408
LOJA,37.1750611343,-4.13497465646
RIOFRIO,37.1536593419,-4.20135887627
ARCHIDONA,37.1340545904,-4.42611680339
LA PEÑA,37.0576287281,-4.49182055225
SAN JOSE - KM. 18.8,37.032687081,-4.53421718576
EL CHAPARRAL,37.7993402279,-4.75921562869
TORRES CABRERA,37.7800127933,-4.68788760957
FERNAN NUÑEZ,37.7017075663,-4.66694133257
MONTEMAYOR,37.6379691787,-4.65698890255
AGUILAR DE LA FRONTERA,37.5245301574,-4.66077586202
FUENSEQUILLA,37.8103713608,-4.79845773652
CASARICHE,37.2946086,-4.76438349093
GOBANTES,36.9765729542,-4.73836648188
EL CHORRO,36.90727838,-4.75927816241
LAS MELLIZAS,36.8732843064,-4.71942783382
PIZARRA,36.7640827103,-4.71184707274
ALJAIMA,36.7330901725,-4.66471861766
CARTAMA,36.7337225285,-4.6085341435
LOS REMEDIOS,36.7218404841,-4.58165373747
CAMPANILLAS,36.705198106,-4.54544093635
VICTORIA KENT,36.7013252016,-4.45393058861
LOS PRADOS,36.695291163,-4.47219603581
GUADALHORCE,36.6920211691,-4.48371493013
TERMINAL DE CARGA,36.6795792105,-4.49352568397
AEROPUERTO,36.6755653461,-4.48699751709
SAN JULIAN,36.6641384688,-4.4790521257
PLAZA MAYOR,36.6561746863,-4.48031488791
CAMPO DE GOLF-CAMPAMENTO,36.649993726,-4.48326698741
LOS ALAMOS,36.6450207843,-4.48513190717
LA COLINA,36.6419092979,-4.49265081286
TORREMOLINOS,36.6225181494,-4.49964624211
MONTEMAR ALTO,36.6136638523,-4.50942463491
EL PINILLO,36.6098445782,-4.51537611429
BENALMADENA-ARROYO DE LA MIEL,36.5990527264,-4.53631417937
TORREMUELLE,36.5822567089,-4.56703527212
CARVAJAL,36.5706488558,-4.59369347465
TORREBLANCA,36.5648750007,-4.606675514
LOS BOLICHES,36.5546346942,-4.61457651344
ARROYO TAMARGUILLO,37.4326442695,-5.98445129457
ESTADIO OLIMPICO,37.4169215815,-6.00768420547
PALACIO DE CONGRESOS,37.4036271854,-5.93652332546
PADRE PIO-PALMETE,37.3709571859,-5.93948070419
VILLANUEVA DEL ARISCAL Y OLIVARES,37.4070697259,-6.14822633001
SANLUCAR LA MAYOR,37.3814057323,-6.19395570342
AZNALCAZAR-PILAS,37.3142602668,-6.25882589177
HUEVAR,37.3536215887,-6.28393141812
CARRION DE LOS CESPEDES,37.3690006498,-6.33504083082
VILLALBA DEL ALCOR,37.3993891825,-6.49036271631
VILLARRASA,37.3869846531,-6.59882652011
NIEBLA-PUERTA DEL BUEY,37.3585011284,-6.68126883456
NIEBLA,37.3614115807,-6.66165132955
LAS MALLAS,37.3557575651,-6.69189237147
SAN JUAN DEL PUERTO,37.3118833569,-6.8410844742
SAN JUAN DEL PUERTO-MOGUER,37.3097427539,-6.84700724692
L AMETLLA DE MAR,40.8861857042,0.8004324852
MEDINA DE LAS TORRES,38.347774996,-6.41071983971
VALENCIA DEL VENTOSO,38.2575377019,-6.45398779811
CUMBRES MAYORES,38.0533644724,-6.63139217279
LA NAVA DE HUELVA,37.9959926665,-6.75249263923
ALMONASTER-CORTEGANA,37.9013806633,-6.79453351255
GIL MARQUEZ,37.8578333055,-6.84797889749
EL TAMUJOSO,37.7390023879,-6.88867134611
EL COBUJON,37.4878715409,-6.96025876989
BELMONTE,37.4634505897,-6.94794734855
ALANIS,37.9958314283,-5.75763720449
CAZALLA-CONSTANTINA,37.9325412005,-5.70552800704
FABRICA DE PEDROSO,37.8624314207,-5.73773848485
ARENILLAS,37.7012979366,-5.75071677425
ALCOLEA DEL RIO,37.6350385889,-5.73108191981
FUENGIROLA,36.5417512459,-4.62402725965
CAMAS,37.4177331589,-6.02345280681
ESCACENA,37.3978419243,-6.39201364368
LA PALMA DEL CONDADO,37.390638534,-6.55442097144
HUELVA-CARGAS,37.2680968189,-6.9101782377
HUELVA-TERMINO,37.2526518211,-6.9514055499
CABAÑAS DE EBRO,41.787753198,-1.16781163998
CORTES DE NAVARRA,41.9148961164,-1.42053153606
TUDELA DE NAVARRA,42.0596402366,-1.59801012546
CASTEJON DE EBRO,42.1734732623,-1.69229801076
CALAHORRA,42.3115219623,-1.95900870176
ALCANADRE,42.4079177033,-2.12232436906
LOGROÑO,42.4568270989,-2.44300903421
SAN FELICES,42.6215866751,-2.84665956243
HARO,42.5836859991,-2.84921548434
ARTOMAÑA,42.9870104235,-2.97991362196
ORDUÑA,42.9952210377,-3.01508537333
LLODIO,43.1433848012,-2.95952059474
ARETA,43.1451046597,-2.94336046124
ARRIGORRIAGA,43.2086953725,-2.88885872731
INTERMODAL ABANDO INDALECIO PRIETO,43.2589607074,-2.92935724902
ETXARRI-ARANATZ,42.9109100025,-2.07148031032
PAMPLONA,42.8250806393,-1.66148229115
NOAIN,42.7547511713,-1.63645070233
GARINOAIN,42.599605403,-1.65029156934
TAFALLA,42.5261173028,-1.6708726141
LA CASILLA,43.2554391856,-2.94265179017
OLABEAGA,43.2641663094,-2.95837450327
ZORROTZA,43.2778465339,-2.97244939813
LUTXANA-BARAKALDO,43.2877401306,-2.97541210986
DESERTU-BARAKALDO,43.3000882297,-2.9840663903
MUSKIZ,43.3213914229,-3.1123947018
BILBAO MERCANCIAS,43.3438267635,-3.06059417197
FUENCARRAL-FUENTE GRANDE,40.4993599024,-3.67979765729
MADRID-ATOCHA CERCANIAS,40.4047666099,-3.68695390131
DELICIAS,40.400014386,-3.69215364779
PIRAMIDES,40.402757471,-3.71161134243
MADRID-PRINCIPE PIO,40.4214896467,-3.71952559593
POZUELO,40.4471360269,-3.7996581554
LAS ROZAS,40.4930246993,-3.8674744577
LAS MATAS CLASIFICACION,40.5380430734,-3.88838747496
O DONNELL,40.4418434482,-3.58386679007
BARAJAS-HANGARES,40.4724339483,-3.57449725152
BASE AEREA DE TORREJON,40.4920575743,-3.43125978274
GENERAL MOTOS,41.7449383724,-1.18226647338
GRISEN,41.7451986247,-1.16589309216
ZUERA,41.8773223454,-0.764131360592
GURREA DE GALLEGO,42.0077348435,-0.756746101529
ARANDA DE DUERO-CHELVA,41.6547158963,-3.68668070434
ARANDA DE DUERO-MONTECILLO,41.6687723161,-3.69689499736
LERMA,42.0221695682,-3.77280313428
ALCOBENDAS SAN SEBASTIAN DE LOS REYES,40.5441412141,-3.63027265453
CAMBIADOR IRUN,43.3499181452,-1.78749186644
CERCEDILLA,40.7381804107,-4.06443803946
TABLADA,40.7057917745,-4.12487409126
SEGOVIA,40.9336778005,-4.11380012144
QUINTANA-RANEROS,42.5493941559,-5.63630303982
ASTORGA,42.459555416,-6.04728081038
FOLGOSO,42.6306143436,-6.2515123086
PONFERRADA,42.545097681,-6.60173596346
TORAL DE LOS VADOS,42.5412490388,-6.7764240843
LA BAROSA,42.5007650964,-6.82406963051
A RUA-PETIN,42.3927310428,-7.1133326979
MONFORTE DE LEMOS,42.5304914974,-7.5030028135
SARRIA,42.7843355826,-7.41924940349
LUGO,43.0157463194,-7.55321530419
LUGO MERCANCIAS,43.0494403815,-7.55624170529
EL ESCORIAL,40.5852219667,-4.13232083545
SANTA MARIA DE LA ALAMEDA-PEGUERINOS,40.5689710997,-4.2691162931
HERRADON-LA CAÑADA,40.5993427969,-4.49511327699
AVILA,40.6571750988,-4.68330122275
AREVALO,41.0470844428,-4.70198453238
PALACIOS DE GODA,41.1177714411,-4.75067867078
MEDINA DEL CAMPO,41.3173257076,-4.9099010424
VALDESTILLAS,41.4887394225,-4.77292302299
CORCOS-AGUILAREJO,41.7665034004,-4.6235851128
CUBILLAS DE SANTA MARTA,41.8088771881,-4.57915654185
MAGAZ,41.9763313884,-4.43235032298
VILLODRIGO,42.1469061503,-4.10690521734
BURGOS ROSA DE LIMA,42.3709578407,-3.66590627738
BRIVIESCA,42.5425148654,-3.31929657301
PANCORBO,42.6302798455,-3.11295290328
MIRANDA DE EBRO,42.6903750412,-2.94091305801
JUNDIZ,42.8518768086,-2.7454453203
VITORIA/GASTEIZ,42.841308403,-2.67288357664
PLA DE VILANOVETA,41.6166261592,0.657481709988
HORTALEZA,40.4830812129,-3.65077856234
SAN FERNANDO DE HENARES,40.4426403162,-3.53419775431
TORREJON DE ARDOZ,40.4547272307,-3.47990968113
ALCALA DE HENARES,40.4889786754,-3.3661120785
MECO,40.534645607,-3.29864019061
AZUQUECA,40.5609987178,-3.26544528397
GUADALAJARA,40.6440744397,-3.1822047688
BAIDES,41.0048987156,-2.78592480119
SIGÜENZA,41.0713212653,-2.64642596828
TORRALBA,41.1363225558,-2.49295086686
ARCOS DE JALON,41.2156413855,-2.2776720129
SANTA MARIA DE HUERTA,41.2639087182,-2.17799878308
ARIZA,41.3096155216,-2.0595564378
CALATAYUD,41.3466818005,-1.63856098217
MORATA DE JALON,41.4754895217,-1.47856667058
RICLA-LA ALMUNIA,41.5014652566,-1.40283859128
ZARAGOZA DELICIAS,41.6590978423,-0.911194389161
MIRAFLORES,41.632347385,-0.86649539644
COGULLADA,41.6754519356,-0.855198353801
ZARAGOZA CORBERA ALTA,41.6957918983,-0.854603597272
SAN JUAN DE MOZARRIFAR,41.7216167261,-0.843407048389
ALMUDEVAR,41.9963199744,-0.643554834488
TARDIENTA,41.975759627,-0.538384630943
SARIÑENA,41.8170782207,-0.172268371541
SELGUA,41.9061055956,0.148434382711
MONZON-RIO CINCA,41.9137201307,0.196873650702
BINEFAR,41.8497596651,0.291383038519
ALMACELLES,41.7302974054,0.444867894241
LLEIDA-PIRINEUS,41.620690344,0.632790009283
CAMB.-AG.KM. 3.1,41.5988916528,0.654346390101
PUIGVERD DE LLEIDA-ARTESA DE LLEIDA,41.5536776372,0.733433443543
VINAIXA,41.4250720751,0.970319223433
VALLS,41.2895145541,1.25873957087
LA PLANA-PICAMOIXONS,41.3060957693,1.19492905328
RODA DE BARA,41.1838984889,1.44012664774
SANT VICENÇ DE CALDERS,41.186136299,1.52469273629
CUNIT,41.1950039952,1.63188335261
VILANOVA I LA GELTRU,41.2202346574,1.73077187249
SITGES,41.239081758,1.80966835028
CASTELLDEFELS,41.2788860961,1.97925278648
EL PRAT DE LLOBREGAT,41.3306434581,2.08951045869
BELLVITGE,41.3526374476,2.11536256158
BARCELONA-SANTS,41.3789776813,2.13997133632
INTERCAMBIADOR DE MAJARABIQUE,37.4535495671,-5.96074622861
SEVILLA-LA NEGRILLA,37.3746567045,-5.93688771569
CARTUJA,37.4069531719,-6.01019019644
ZAFRA,38.414410674,-6.40504241468
FREGENAL DE LA SIERRA,38.1676645708,-6.63767447662
JABUGO-GALAROZA,37.9279598627,-6.77303567641
VALDELAMUSA,37.7871247083,-6.87373069414
CALAÑAS,37.6511976861,-6.87667895778
GIBRALEON,37.3686001561,-6.96232285352
MERIDA,38.9224065622,-6.34780399635
LLERENA,38.2382040594,-6.00999014375
FUENTE DEL ARCO,38.1636183356,-5.90056804022
PEDROSO,37.8371826314,-5.76240380691
VILLANUEVA DEL RIO-MINAS,37.6616081848,-5.71216205925
GUITIRIZ,43.1792016929,-7.89548605898
A CORUÑA,43.3524435641,-8.41075617353
OS PEARES,42.4494933176,-7.7368280563
OURENSE,42.351136939,-7.87167214435
RIBADAVIA,42.2934988317,-8.138584282
REDONDELA,42.2860884395,-8.61743965499
VIGO,42.2377521822,-8.70605801495
VIGO-GUIXAR,42.2446194884,-8.70668036178
CTT FUENCARR. AV,40.4911636242,-3.67831601884
SEGOVIA-A.V.,40.9101973239,-4.09482392223
VALDESTILLAS-AV,41.4609035224,-4.79145131355
GUADALAJARA-YEBES,40.5861607792,-3.12602233426
GUALLAR,41.6577671299,-1.08150986913
COSCURITA,41.4399013124,-2.4698021063
CERVERA DEL RIO ALHAMA,41.9786444335,-1.86191508468
SORIA,41.7552308072,-2.47552305021
SANTA MARIA Y LA PEÑA,42.3803249052,-0.695858430962
AYERBE,42.2755582283,-0.68259278675
JACA,42.5776432591,-0.538590998322
CANFRANC,42.7512905809,-0.514251450964
BALAGUER,41.7891943093,0.814721101268
POBLA SEGUR,42.2398935428,0.965918480307
SAN GREGORIO,41.7203804271,-0.861119692957
LA CARTUJA,41.6008422944,-0.819761354205
CASPE,41.2398363509,-0.0427505795031
ESCATRON,41.2125600043,-0.289693736568
SAMPER,41.1822361475,-0.368455208942
LA PUEBLA DE HIJAR,41.2243770492,-0.438367453012
LA ZAIDA-SASTAGO,41.3204772198,-0.42685100515
FAIO-LA POBLA DE MASSALUCA,41.2249978312,0.351068599168
FLIX,41.2293639815,0.540060671007
MORA LA NOVA,41.1065134741,0.653209935324
REUS,41.1605111035,1.10010791125
TARRAGONA,41.1115537923,1.25324940636
ZARAGOZA-ARRABAL,41.6696125247,-0.868057676885
ZARAGOZA PLAZA,41.6393808977,-1.03973789349
CERVERA,41.6736169766,1.2747991591
SANT GUIM DE FREIXENET,41.6559138001,1.42059638949
SANT VICENÇ DE CASTELLET,41.6687700364,1.86263676118
MANRESA,41.7203804451,1.82645025054
TERRASSA,41.5697752643,2.01429376043
CERDANYOLA DEL VALLES,41.4925562918,2.14753282562
MONTCADA-BIFURCACIO,41.4704776522,2.17950033599
L HOSPITALET DE LLOBREGAT,41.3641939157,2.10093356975
GRANOLLERS-CANOVELLES,41.6114027096,2.27687264986
LES FRANQUESES DEL VALLES,41.6297579354,2.29514351227
LA GARRIGA,41.6846035063,2.28879430238
VIC,41.931014919,2.24874539241
LA TOUR DE CAROL,42.4590600352,1.90449038211
PUIGCERDA,42.429493763,1.92465058945
PLANOLES,42.3143202746,2.09981436645
RIBES DE FRESER,42.2986943162,2.16541808812
TUI,42.0566425603,-8.64315867994
VALENCA DO MINHO,42.0249392624,-8.6393817045
TORO,41.5118043082,-5.38254232472
ZAMORA,41.5165991071,-5.73860807377
SARRACIN DE ALISTE,41.8485426922,-6.20484311383
PUEBLA DE SANABRIA,42.0456326924,-6.6266043122
LUBIAN,42.0378203643,-6.89350875613
LAZA-CERDEDELO,42.087960526,-7.40386772857
TABOADELA,42.2651331733,-7.8314209367
OURENSE-SAN FRANCISCO,42.3327587325,-7.86044340495
O IRIXO,42.5182568012,-8.10556650702
LALIN,42.6325025433,-8.14271844333
VEDRA-RIVADULLA,42.776639792,-8.42815318374
SANTIAGO DE COMPOSTELA,42.8707877731,-8.54471191134
PONTEVEDRA,42.4217597658,-8.63528463635
VILAGARCIA DE AROUSA,42.6025080695,-8.76247096395
PADRON,42.7391169256,-8.65247123644
CENTRAL TERMICA DE MEIRAMA,43.1677826907,-8.41871463143
RIPOLL,42.1960840961,2.19585952572
LA FARGA DE BEBIE,42.1305625839,2.20416401603
CERDANYOLA UNIVERSITAT,41.4969794049,2.11545498878
CONSTANTI,41.1667333762,1.17090596842
BARCELONA-CAN TUNIS,41.3429837015,2.12316638747
RIU LLOBREGAT,41.4203886962,2.00499174207
BARCELONA-MORROT,41.367036181,2.1736403185
L ARBOÇ,41.2737868944,1.60005817002
VILAFRANCA DEL PENEDES,41.3421886175,1.7067553313
SANT SADURNI D ANOIA,41.4202977836,1.79384541041
MARTORELL,41.4793978693,1.9266398089
CASTELLBISBAL,41.4733762207,1.96774100972
EL PAPIOL,41.4355995283,2.00168514869
MOLINS DE REI,41.4106295045,2.02004254014
MARTORELL-SEAT,41.4862761834,1.90595533201
RUBI,41.4755645029,2.03595261252
MOLLET-SANT FOST,41.5334980217,2.21778097588
AEROPORT,41.3038326343,2.07242659697
CIUDAD REAL,38.9853956365,-3.9134322421
CAÑADA DE CALATRAVA,38.8668804446,-3.99920308314
CALATRAVA,38.803648281,-4.07132345651
PUERTOLLANO,38.6924025138,-4.11180415249
CARACOLLERA,38.7053259087,-4.47457840981
GUADALMEZ-LOS PEDROCHES,38.6995732215,-4.93057682157
CABEZA DEL BUEY,38.7243503473,-5.22585496535
ALMORCHON,38.6965604924,-5.29104528397
VILLANUEVA DE LA SERENA,38.9683968036,-5.79634786071
ALJUCEN,38.9361440804,-6.40759114667
BADAJOZ,38.8915811608,-6.98266010541
ALMAGRO,38.8954776303,-3.70985634424
CIUDAD REAL-MIGUELTURRA,38.9711204166,-3.89466953606
PUERTOLLANO-REFINERIA,38.6707028419,-4.06255427661
BARCELONA-ESTACIO DE FRANÇA,41.3839833895,2.18658872501
BARCELONA-CLOT-ARAGO,41.4066630147,2.18773918281
BARCELONA-SANT ANDREU COMTAL,41.435632228,2.19336917171
LA LLAGOSTA,41.5103606648,2.1998416552
MONTCADA I REIXAC,41.4841866764,2.18813510285
MONTORNES-BUTANO,41.5644145482,2.27487301927
GRANOLLERS-CENTRE,41.5996691097,2.29147975348
GUALBA,41.7181190038,2.53905387654
SANT CELONI,41.6857232536,2.49082686604
FORNELLS DE LA SELVA,41.9349467248,2.80990843594
GIRONA,41.9794254315,2.81709921575
FIGUERES,42.2650454544,2.9689314512
VILAMALLA,42.216283819,2.97791691565
PORTBOU,42.4242697305,3.15835223856
CERBERE,42.4411280703,3.16296335323
CAMBIADOR DE PORT-BOU,42.4278374916,3.1574475366
GIRONA-MERCADERIES,41.9572337567,2.80813997947
MATARO,41.5336384737,2.44541103472
ARENYS DE MAR,41.5776387792,2.54916554216
CALELLA,41.6146871683,2.66558698252
BLANES,41.6737019017,2.76902030685
CBDOR PLASENCIA,41.6963298412,-1.22813372096
CBDOR-ZARAG-DELC,41.668916843,-0.92943796271
RODA CAMBIADOR,41.1832884467,1.43766202208
CUARTE DE HUERVA,41.5927561319,-0.946443608948
MARIA DE HUERVA,41.5400964419,-0.997426198082
CARIÑENA,41.3356154899,-1.22851949041
BADULES,41.1394640424,-1.25157250109
NAVARRETE,40.9372865559,-1.26194931547
CAMINREAL-FUENTES CLARAS,40.8510338645,-1.33750229206
SANTA EULALIA DEL CAMPO,40.5728808126,-1.31301740526
TERUEL,40.3409756675,-1.1102320408
BARRACAS,40.0117166665,-0.696280383275
CAUDIEL,39.9473050875,-0.572026800907
SONEJA,39.8125565504,-0.431803406716
ESTIVELLA-ALBALAT DELS TARONGERS,39.7062813515,-0.348211351077
GILET,39.6794088496,-0.320663329856
SAGUNT,39.6757590305,-0.271578467619
PEÑARROYA-PUEBLONUEVO,38.2917019013,-5.27397824257
VILLANUEVA DEL REY,38.2294839794,-5.1224751506
ALHONDIGUILLA-VILLAVICIOSA,38.1161323298,-4.94004028748
MADRID-SANTA CATALINA,40.3703850439,-3.67807229385
VILLAVERDE ALTO,40.3417096388,-3.71151368171
LEGANES,40.3289389226,-3.77108781467
FUENLABRADA,40.2831751365,-3.79916422813
HUMANES,40.2557292671,-3.82863477092
GRIÑON,40.2081596777,-3.85615120046
ILLESCAS,40.1224809453,-3.85135622867
VILLALUENGA-YUNCLER,40.0321838855,-3.90195169289
TORRIJOS,39.9792222886,-4.28461488749
TALAVERA DE LA REINA,39.970907397,-4.82576270157
NAVALMORAL DE LA MATA,39.8947216352,-5.54752585943
MONFRAGÜE,39.9374559863,-6.10108738383
RIO TAJO,39.7045327886,-6.45754722276
TARRAGONA-CLASSIFICACIO,41.1106770926,1.22102946326
FUENCARRAL-CPLJO,40.4974366318,-3.68068528176
ASAMBLEA DE MADRID-ENTREVIAS,40.3815415872,-3.6673629122
VALLECAS-INDUSTRIAL,40.3810808644,-3.63071007347
VICALVARO,40.4010852308,-3.59542050175
COSLADA,40.4242361651,-3.5603821972
MADRID-SANTA CATALINA,40.3742427792,-3.67916754289
CAMBIADOR ATOCHA,40.4011341048,-3.68076537792
VICALVARO-CLASIFICACION,40.4161487168,-3.58123118412
VILLAVERDE BAJO,40.3555836823,-3.68340028027
MUSEO DELICIAS,40.3987537942,-3.69151056713
EL SALOBRAL,40.3363040581,-3.68513583064
SAN CRISTOBAL INDUSTRIAL,40.3318748216,-3.69877985485
PINTO,40.2428061515,-3.70361536535
ARANJUEZ,40.0348422151,-3.61829368391
CASTILLEJO-AÑOVER,39.9495953487,-3.73845094305
VILLACAÑAS,39.6220286622,-3.33036163666
QUERO,39.5042153988,-3.26625014634
ALCAZAR DE SAN JUAN,39.3955648608,-3.20461048732
SOCUELLAMOS,39.2787584163,-2.77548806782
VILLARROBLEDO,39.2608294192,-2.59851254504
LA RODA DE ALBACETE,39.1993806997,-2.16286371533
ALBACETE,39.0015202897,-1.85051576414
CHINCHILLA,38.8974849477,-1.72612328771
ALMANSA,38.867785019,-1.10546322646
LA ENCINA,38.7653915976,-0.954272707528
LA FONT DE LA FIGUERA,38.8302792837,-0.849014223483
MOIXENT,38.8776122213,-0.7537220901
SILLA,39.3617663323,-0.414949812292
VALENCIA-ESTACIO DEL NORD,39.4660981533,-0.377476002859
CACERES,39.4611529505,-6.3856814171
HERRERUELA,39.3954712008,-6.8947306173
VALENCIA DE ALCANTARA,39.4270242159,-7.2304047334
KM.428.5 (FRONT) (VALEN.ALC.),39.465392412,-7.30136425808
CARMONITA,39.1559868353,-6.36668598674
PLASENCIA,40.0225974127,-6.09955314266
MOSTOLES-EL SOTO,40.3319193048,-3.88070019868
CUATRO VIENTOS,40.3778368389,-3.79094537949
GETAFE-CENTRO,40.310746217,-3.73325519462
PARLA,40.2411803724,-3.76901280405
PARLA INDUSTRIAL,40.2410618371,-3.74300059279
PALENCIA,42.0157688009,-4.53397317227
VILLADA,42.2454792132,-4.97150382899
SAHAGUN,42.369299461,-5.02228054926
TORNEROS,42.517258876,-5.56031376386
PALANQUINOS,42.4609716981,-5.49660558876
LEON,42.5931856656,-5.58081918555
ALCAZAR DE SAN JUAN-CARGAS,39.400645193,-3.2112597074
SAN VICENTE DEL RASPEIG,38.3978782907,-0.534706318475
SANTA CRUZ DE LA ZARZA,39.9729140233,-3.18092230118
TARANCON,40.0064677867,-3.00976819155
HUETE,40.146741767,-2.68174726658
CUENCA,40.0673101749,-2.13651240057
CAMPORROBLES,39.6448082193,-1.40280192188
CARBONERAS DE GUADAZAON,39.9001778773,-1.8068582396
UTIEL,39.5705778775,-1.20243122513
BUÑOL,39.4270950112,-0.787399247179
VALENCIA SANT ISIDRE,39.4526840908,-0.405890781923
EL BURGO EB-A.V.,41.5518775124,-0.753929236573
VALFARTA,41.5268220348,-0.159641167976
VALLMAYA,41.6188303547,0.371698448605
LES BORGES-A.V.,41.5391060216,0.778205610651
CAMP DE TARRAGONA,41.1918779215,1.27259193501
L ARBOÇ-A.V.,41.2782577987,1.6060238131
CAMBIADOR LLEIDA,41.6053059305,0.651041660096
CAN TUNIS-A. V.,41.3428937243,2.11639815668
HUESCA-CAMBIADOR,42.126795812,-0.411564383735
HUESCA,42.1325036852,-0.409648779485
YELES,40.138920043,-3.7698859003
LA SAGRA,39.9828905142,-3.83800289871
TOLEDO,39.8625749885,-4.01006897882
MALAGON,39.1658230681,-3.8608959447
CONQUISTA,38.3821939787,-4.47851403743
ARROYO DEL VALLE,38.1960253742,-4.51344903233
MAJARABIQUE,37.4714184919,-5.94886302141
CTT C. NEGRO AV,40.3846808952,-3.67688414295
PUENTE GENIL-HERRERA,37.3596531531,-4.82221978279
LOS PRADOS-A. V.,36.6983031407,-4.47725747463
VALENCIA PUERTO NORTE,39.4381184709,-0.335009398426
VALENCIA PUERTO SUR,39.4303265575,-0.328737508562
RAMON Y CAJAL,40.4880708,-3.69453005295
TORRELODONES,40.5743775332,-3.95639056757
GALAPAGAR-LA NAVATA,40.6002686094,-3.98225989544
SAN YAGO,40.6178206757,-4.03118244689
LAS ZORRERAS-NAVALQUEJIGO,40.6092540388,-4.04635155531
ZARZALEJO,40.5388261019,-4.1580876635
ROBLEDO DE CHAVELA,40.520708538,-4.24675906523
LAS NAVAS DEL MARQUES,40.5892445183,-4.3614999482
NAVALPERAL,40.5909403925,-4.40868592534
NAVALGRANDE,40.6060755718,-4.53451423265
GUIMORCONDO,40.6489793538,-4.61503054903
MINGORRIA,40.7479105486,-4.65318108697
VELAYOS,40.8291365433,-4.60368939852
SANCHIDRIAN,40.8863078338,-4.60190456096
ADANERO,40.9337882558,-4.61499845427
ORBITA-ESPINOSA,40.9980465127,-4.65930875208
ATAQUINES,41.1781640513,-4.79203629761
GOMEZNARRO,41.2444995727,-4.85105991249
POZALDEZ,41.3676873163,-4.83570978471
MATAPOZUELOS,41.4219201445,-4.80140581096
LA GARENA,40.4805198312,-3.39304291283
ALCALA DE HENARES-UNIVERSIDAD,40.5052967342,-3.3352326285
FONTANAR,40.719322623,-3.16981216627
MALUQUE,40.790481313,-3.15759502621
YUNQUERA DE HENARES,40.7470589732,-3.16314035656
HUMANES DE MOHERNANDO,40.8311952822,-3.13898475458
SAN ANTONIO DEL CEREZO -KM. 82.1,40.8599229018,-3.13350836084
ESPINOSA DE HENARES,40.9097147386,-3.07315163837
CARRASCOSA DE HENARES,40.9060033314,-3.01550867801
JADRAQUE,40.9300054042,-2.93578524067
MATILLAS,40.9538539859,-2.84322496323
ALCUNEZA,41.1060081926,-2.60066339873
HORNA,41.1303357469,-2.54664159973
MEDINACELI,41.1652475545,-2.42125627099
MONREAL DE ARIZA,41.2986584041,-2.10987735789
CETINA,41.2958650929,-1.95992111968
ALHAMA DE ARAGON,41.2943780536,-1.9043451855
BUBIERCA,41.3172302721,-1.85585012525
ATECA,41.3245373284,-1.78519450731
TERRER,41.3222526582,-1.70843521753
EMBID DE LA RIBERA,41.4015130734,-1.61148607049
EMBID DE JALON,41.421371101,-1.59315299909
PARACUELLOS-SABIÑAN,41.4293858249,-1.56769392219
SABIÑAN,41.4440587662,-1.57113474345
MORES,41.4785533699,-1.56618199044
PURROY,41.4771969746,-1.54046317667
CALATORAO,41.528658486,-1.36058612476
SALILLAS DE JALON,41.5680971615,-1.32546143613
EPILA,41.6096405341,-1.30094532441
RUEDA DE JALON-LUMPIAQUE,41.6391771504,-1.28143980995
PLASENCIA DE JALON,41.6894887869,-1.23424664444
PINSEQUE,41.743032505,-1.08956442993
UTEBO,41.710867794,-0.998570083774
ZARAGOZA PORTILLO,41.652538725,-0.895710371741
VILLANUEVA DE GALLEGO,41.7656331537,-0.822169690586
ONTINAR DEL SALZ,41.9435234689,-0.737552951289
GRAÑEN,41.9379748535,-0.369343549785
MARCEN-POLIÑINO,41.8818799218,-0.283610672672
TORMILLO-LASTANOSA,41.8488345126,-0.0376375075624
TERREU,41.8513149181,0.0151311073391
TAMARITE-ALTORRICON,41.779020435,0.374986711741
RAIMAT,41.6869383352,0.474517361389
CAMBIADOR DE PUIGVERD,41.5539769586,0.736089692236
JUNEDA,41.5438781217,0.825520240782
LES BORGES BLANQUES,41.5217329191,0.877256770235
LA FLORESTA,41.5041997844,0.924412945586
CANAL D URGELL,41.4825775366,0.95102360107
VIMBODI I POBLET,41.4027037848,1.04598442613
L ESPLUGA DE FRANCOLI,41.4006197634,1.10331611303
MONTBLANC,41.3765645461,1.16552863029
VILAVERD,41.3376682786,1.17648834254
LA RIBA,41.3184759215,1.18129171162
NULLES-BRAFIM,41.2502781416,1.2975057831
VILABELLA,41.2395349959,1.31746702831
SALOMO,41.2234593634,1.37658204712
RODA DE MAR,41.1864231871,1.45518180134
CALAFELL,41.1896171339,1.5750235894
SEGUR DE CALAFELL,41.1925624095,1.60642421255
CUBELLES,41.2043279462,1.67601663363
VALLCARCA,41.2405778755,1.86119213868
GARRAF,41.2544668317,1.9025522072
PLATJA DE CASTELLDEFELS,41.2669567253,1.95712961108
GAVA,41.3033666899,2.01050240516
VILADECANS,41.3094337038,2.02741038583
MIÑO DE MEDINACELI - KM. 8.4,41.1905676647,-2.50949385296
RADONA - KM. 18.2,41.2621559241,-2.45848576638
ADRADAS,41.3649342035,-2.45951296075
ALMAZAN-VILLA,41.4891632005,-2.5254475782
TARDELCUENDE,41.5935240633,-2.63940552797
QUINTANA REDONDA,41.639652341,-2.60964447417
NAVALCABALLO - KM. 83.3,41.6906520903,-2.53448360744
VELILLA DE LA SIERRA - KM. 8.4,41.7845987433,-2.39495139818
ARANCON,41.7930297729,-2.28671718837
ALDEALPOZO,41.7823571893,-2.21063029287
VALDEGENA,41.8120353847,-2.17286184998
VILLAR DEL CAMPO,41.7972256702,-2.1240787915
OLVEGA,41.8057757926,-1.99751054758
AGREDA,41.8475291503,-1.93236856379
FITERO    - KM. 85.0,42.049571226,-1.81560343011
CINTRUENIGO,42.0794063125,-1.80215088337
PLASENCIA DEL MONTE,42.2051807538,-0.560918826495
RIGLOS-CONCILIO,42.3162057418,-0.727399245817
RIGLOS,42.3457546049,-0.731651837893
ANZANIGO,42.4033374219,-0.643064666307
CALDEARENAS-AQUILUE,42.3978994872,-0.499464401298
ORNA DE GALLEGO,42.4416942947,-0.401379799402
SABIÑANIGO,42.5203559884,-0.373324861445
CASTIELLO-PUEBLO,42.6271513869,-0.545227106449
CASTIELLO,42.6498909104,-0.555511263495
VILLANUA-LETRANZ,42.689085478,-0.52348039699
ALCOLETGE,41.6542689322,0.685770638468
VILANOVA BARCA,41.687360186,0.727914890464
TERMENS,41.7165187322,0.763022298181
VALLFOGONA,41.7566767476,0.805841082434
GERB,41.8233252488,0.81203624804
S.LLOREN MONTGA,41.8664252062,0.832465365599
VILANOVA DE LA S,41.9120938017,0.830281724905
SANTA LINYA,41.9318978867,0.852539446705
AGER,42.006728536,0.851734400333
CELLERS-LLIMIANA,42.0586569201,0.882936036602
GUARDIA DE TREMP,42.1014196826,0.888155655016
PALAU DE NOGUERA,42.1469661671,0.892431832564
TREMP,42.1673009136,0.89113976087
SALAS DE PALLARS,42.2097130759,0.948011847559
EL BURGO DE EBRO,41.5665493391,-0.739630634442
CHILCHES,39.7826263615,-0.190211436255
MONCOFAR,39.8208530506,-0.162606370115
NULES-VILLAVIEJA,39.8531254354,-0.152674161114
BURRIANA-ALQUERIAS DEL NIÑO PERDIDO,39.8964561725,-0.103865417936
VILA-REAL CONTENEDORES,39.9343224452,-0.0950159380611
ALMASSORA,39.9548313654,-0.0767755502672
BENICASSIM,40.058094949,0.0578478059624
LAS VILLAS DE BENICASSIM,40.057091085,0.0873142927124
CABANES,40.1553080627,0.162048135132
TORREBLANCA,40.2121704765,0.199007799483
ALCOSEBRE,40.258343852,0.255076577346
ALCALA DE CHIVERT,40.3046684404,0.228684153352
SANTA MAGDALENA DE PULPIS,40.3584404275,0.293708510957
BENICARLO-PEÑISCOLA,40.4276512857,0.415137418989
PEÑISCOLA,40.3987362083,0.356808562262
ALCANAR,40.5250830376,0.443935997502
FREGINALS,40.6735302644,0.511373278288
CAMP-REDO,40.7591560191,0.555891612077
CAMARLES-DELTEBRE,40.7751689014,0.671259335864
L AMPOLLA-PERELLO-DELTEBRE,40.811993476,0.708226727777
L HOSPITALET DE L INFANT,40.9958904708,0.920726787413
MONT-ROIG DEL CAMP,41.0449431572,0.990679354255
TRES CAMINS,41.1038091648,1.1667817798
ALTAFULLA-TAMARIT,41.136615855,1.3734445872
TORREDEMBARRA,41.142790053,1.40572205484
MARAÑON,39.2563842837,-3.21130549141
CINCO CASAS,39.169285882,-3.23279489074
HERRERA DE LA MANCHA,39.0832639289,-3.25299236729
CONSOLACIÓN,38.8913132657,-3.39367403455
FUENTES DE EBRO,41.515126889,-0.618670954978
PINA,41.4795961414,-0.55637426329
QUINTO,41.4194870376,-0.49072913557
GELSA,41.3982626006,-0.476688613686
AZAILA,41.2748951091,-0.485224674307
CHIPRANA,41.2315119279,-0.155544140339
VAL DE PILAS,41.2293160628,0.0761536516967
FABARA,41.2342450709,0.142853369919
NONASPE,41.2135105654,0.242307282815
RIBA-ROJA D EBRE,41.2485578648,0.481070714672
ASCO,41.1823905767,0.568984850661
GARCIA,41.1394413506,0.641760782026
ELS GUIAMETS,41.0958928767,0.747676844295
CAPÇANES,41.1020640598,0.780343591992
MARÇA-FALSET,41.1308418961,0.810376611804
PRADELL,41.1332809286,0.858624086326
DUESAIGÜES-L ARGENTERA,41.1436335915,0.920859375242
RIUDECANYES-BOTARELL,41.1399986252,0.975722128798
LES BORGES DEL CAMP,41.1664998617,1.022100329
VILA-SECA,41.1128086234,1.15033710815
BELL-LLOC D URGELL,41.6316281716,0.781551189668
MOLLERUSSA,41.6317730481,0.896920154852
GOLMES,41.6358963225,0.930817218812
CASTELLNOU DE SEANA,41.6374449554,0.967764827208
BELLPUIG,41.6325202424,1.01297498949
ANGLESOLA,41.6463945939,1.07896404111
TARREGA,41.6502225471,1.13888039649
SANT MARTI SESGUEIOLES,41.7012107365,1.48618957659
CALAF,41.7302071178,1.5151593584
SEGUERS-SANT PERE SALLAVINERA,41.7478504296,1.57400814306
AGUILAR DE SEGARRA,41.7388379181,1.62371180643
RAJADELL,41.7324053783,1.69863649727
ELS COMDALS,41.6986470165,1.84387966492
CASTELLGALI,41.682012913,1.84759777563
CASTELLBELL I EL VILAR-MONISTROL DE MONTSERRAT,41.6286018749,1.86879173123
VACARISSES,41.6019145604,1.89402324893
VACARISSES-TORREBLANCA,41.5868205124,1.91687750389
OLESA DE MONTSERRAT,41.5655130934,1.92295775434
VILADECAVALLS,41.5637900416,1.9571299059
SANT MIQUEL DE GONTERES,41.5690401934,1.97389904355
TERRASSA EST,41.5674543669,2.03956257342
TORREBONICA,41.5664445546,2.04844691608
CASTELLARNAU,41.5639476789,2.07545357928
SABADELL NORD,41.5618299102,2.09664231007
SABADELL CENTRE,41.5473914443,2.11521278066
SABADELL SUD,41.528661035,2.10541402316
BARBERA DEL VALLES,41.5135721789,2.11845083469
MONTCADA I REIXAC-SANTA MARIA,41.4810873148,2.16694978837
MONTCADA I REIXAC-MANRESA,41.4839108703,2.18537502313
TORRE DEL BARO,41.4616067497,2.18037581399
SANT ANDREU ARENAL,41.4309513286,2.18311057326
ARC DE TRIOMF,41.3919752935,2.18097326391
PLAÇA  DE CATALUNYA,41.3875801207,2.1692582141
MONTCADA I REIXAC-SANT JOAN,41.4820456487,2.18502758741
MONTCADA-RIPOLLET,41.4967650702,2.18189462513
SANTA PERPETUA DE MOGODA,41.5216863538,2.19430289658
MOLLET-SANTA ROSA,41.5366160553,2.20613197516
PARETS DEL VALLES,41.5562890742,2.22603478758
LLERONA,41.65025084,2.29694702307
FIGARO,41.7222813671,2.27162599945
SANT MARTI DE CENTELLES,41.7605748995,2.24893687158
CENTELLES,41.7993643157,2.2225977111
BALENYA-ELS HOSTALETS,41.8148916324,2.23331760253
BALENYA-TONA-SEVA,41.8419249682,2.24747450673
TARADELL-MONT-RODON,41.879377131,2.25667804339
MANLLEU,41.999910968,2.26929093764
TORELLO,42.0520269198,2.26000010978
BORGONYA,42.0646267441,2.24191932829
SANT QUIRZE DE BESORA-MONTESQUIU,42.1048016879,2.2177216723
CAMPDEVANOL,42.2216893923,2.16577840339
AIGÜES DE RIBES,42.2768426451,2.16121866764
TOSES,42.3208985947,2.01528504511
LA MOLINA,42.3445758049,1.95597909277
URTX-ALP,42.3772287939,1.89656533436
QUEIXANS,42.3976500706,1.91480854539
LA SELVA DEL CAMP,41.2112695869,1.1439582023
ALCOVER,41.2615668683,1.174139444
BASE ALCOVER,41.2777215797,1.18487890092
EL MORELL,41.1901287471,1.21201102178
CADRETE,41.5665760702,-0.966780962689
MUEL-MOZOTA,41.4789545489,-1.07616315669
ARAÑALES DE MUEL,41.4689970989,-1.08612700204
LONGARES,41.4044497172,-1.15882148413
ENCINACORBA,41.2886775416,-1.27867275157
BOTORRITA,41.5115985696,-1.03907451293
PUERTO DEL ALTO,41.2415099742,-1.26049498975
VILLARREAL DE HUERVA,41.1963858035,-1.28709181003
VILLADOZ,41.1655270006,-1.27880605555
VILLAHERMOSA,41.1085298897,-1.23983970551
FERRERUELA,41.0634520991,-1.23790703778
CUENCABUENA,41.0095624774,-1.25489181811
LECHAGO,40.9576631031,-1.26907129861
CALAMOCHA,40.9034420149,-1.30037276405
TORRIJO DEL CAMPO,40.8258238209,-1.34041598225
MONREAL DEL CAMPO,40.7965711748,-1.35658333735
MONREAL DEL CAMPO,40.7825753695,-1.36084962399
VILLAFRANCA DEL CAMPO,40.6840819964,-1.35820396944
ALBA DEL CAMPO,40.6083219646,-1.32831122237
CELLA,40.4552882145,-1.24478860598
CAUDE-TABLARES,40.4098074803,-1.19489263985
VILLARQUEMADO,40.513798696,-1.27629433305
CAUDE,40.3961746133,-1.1796328845
CONCUD,40.3791029104,-1.14811534099
CAPARRATES,40.3314227641,-1.0336582755
PUERTO ESCANDON,40.2732423065,-0.985089472184
PUEBLA DE VALVERDE,40.2134859876,-0.944618299719
POZO DEL FRAILE,40.1810391878,-0.904735268363
SARRION,40.1462382073,-0.823414873895
MORA DE RUBIELOS,40.1179371915,-0.773381539935
RUBIELOS DE MORA,40.11062857,-0.740858892014
ALBENTOSA,40.0623744019,-0.725992555989
TORAS-BEJIS,39.947451541,-0.683185299012
MASADAS BLANCAS,39.9647337554,-0.636845392867
JERICA-VIVER,39.914962261,-0.569390660209
NAVAJAS,39.8744218019,-0.505951670236
SEGORBE-ARRABAL,39.8545551976,-0.493865102704
SEGORBE-CIUDAD,39.8470995271,-0.482348632827
ALGAR DE PALANCIA,39.7721952862,-0.367455298172
ALGIMIA-CIUDAD,39.752965732,-0.365752000169
ALGIMIA DE ALFARA-TORRES-TORRES,39.7459563419,-0.367255673387
SOL,40.416877323,-3.70302476115
SAN CRISTOBAL DE LOS ANGELES,40.3408215921,-3.68390954958
EL CASAR,40.3185316907,-3.70982094064
GETAFE-INDUSTRIAL,40.3054729986,-3.70780672782
VALDEMORO,40.1960064522,-3.66495635467
CIEMPOZUELOS,40.1591169491,-3.6101402332
SESEÑA,40.0959462058,-3.62877513496
LAS INFANTAS,39.9971851654,-3.68956090598
VILLASEQUILLA,39.8794779035,-3.72854056343
HUERTA DE VALDECARABANOS,39.8174541835,-3.65276536176
EL CASAR DE LA GUARDIA,39.7817414538,-3.60612261981
TEMBLEQUE,39.7224698222,-3.49705338282
EL ROMERAL,39.6940358514,-3.43004129599
LA MESA,39.7583946238,-3.54600299177
CAMPO DE CRIPTANA,39.394406234,-3.11768654159
P.B. ARENALES,39.3599637638,-3.0411384779
RIO ZANCARA,39.3347962463,-2.95186390323
MINAYA,39.2407478169,-2.34848277972
GANGUERAS,39.2800940923,-2.70287534876
CORCOLES,39.3039837139,-2.86810876451
PERALTA,39.2640073368,-2.53078902694
MATAS VERDES,39.2574980276,-2.44528608405
SANTA MARTA,39.2247313157,-2.25670286368
LA GINETA,39.1117005186,-2.00028440713
HOYA DEL POZO,39.1490377535,-2.08794740508
PINILLA,39.0594207566,-1.918423451
HOYA GONZALO,38.9239558034,-1.59595739976
VILLAR DE CHINCHILLA,38.90617378,-1.48997697044
HIGUERUELA,38.9147755492,-1.41217340469
BONETE,38.8938041366,-1.32886894048
ALPERA,38.9399166479,-1.25299876017
EL MUGRON,38.8992088689,-1.23455306445
EL ANGEL,38.8629587007,-1.20623485033
LA PARRILLA,38.8458489645,-0.839411399819
L ENOVA-MANUEL,39.0520748739,-0.491760273172
LA POBLA LLARGA,39.082054569,-0.469906506845
CARCAIXENT,39.1204910964,-0.454450743608
ALZIRA,39.1531608743,-0.450657911607
ALGEMESI,39.19320947,-0.440975086828
ALGINET,39.2629252005,-0.474892163796
BENIFAIO,39.284256096,-0.429985045961
SILLA CONTENEDORES,39.3608656261,-0.415872145468
CATARROJA,39.4000600469,-0.399168994285
MASSANASSA,39.4091794967,-0.395326453944
ONTIGOLA,40.0017649236,-3.57381966999
OCAÑA,39.9645948062,-3.48605549442
NOBLEJAS,39.972497755,-3.44269492543
VILLARRUBIA DE SANTIAGO,39.9662097263,-3.36731155158
HUELVES,40.043613322,-2.88541782857
PAREDES DE MELO,40.0707144793,-2.85132426306
VELLISCA,40.1121997361,-2.79639774158
CARACENILLA,40.1535335783,-2.56802507411
CASTILLEJO DEL ROMERAL,40.1371461953,-2.50685522801
CUEVAS DE VELASCO,40.1552799013,-2.40847875591
VILLAR DEL SAZ DE NAVALON,40.1691825274,-2.35717567852
CHILLARON,40.1028740431,-2.22103179046
LA MELGOSA - KM. 157.7,40.028606901,-2.09123647866
LOS PALANCARES,39.9823361923,-1.97555317595
CAÑADA DEL HOYO,39.9538300191,-1.88958810413
ARGUISUELAS,39.8385015806,-1.81227552934
LA GRAMEDOSA,39.7904992451,-1.76766438854
YEMEDA-CARDENETE,39.750878106,-1.68187949857
VILLORA,39.7469173344,-1.61092231664
ENGUIDANOS,39.7170228037,-1.51617149458
LAS CUEVAS,39.6158380625,-1.27842906781
SAN ANTONIO DE REQUENA,39.5222147103,-1.15037718953
REQUENA,39.4911412197,-1.10466644511
EL REBOLLAR,39.4773422974,-1.01167467748
SIETE AGUAS,39.4572031127,-0.902477055056
VENTA MINA-SIETE AGUAS,39.4556263933,-0.870993998504
CHIVA,39.4710540827,-0.722928753063
CHESTE,39.4907802155,-0.686262274718
CIRCUIT RICARDO TORMO,39.4955986232,-0.626127920011
LORIGUILLA-REVA,39.4856888427,-0.567377551668
ALDAIA,39.4610247478,-0.4632339999
XIRIVELLA-ALQUERIES,39.4625708392,-0.432178533921
MANISES,39.4896397877,-0.459072768108
LA COVA,39.4994112757,-0.485796858698
MANISES AEROPUERTO,39.4955408859,-0.474657578395
VILLAMEJOR,39.9375049178,-3.78610607117
PARQUE DE OCIO,40.2337249588,-3.59622408187
LA PRESA,39.5170266369,-0.515633825351
RIBA-ROJA DE TURIA,39.544356337,-0.569751724693
POZO CAÑADA,38.8041994685,-1.72433242525
LOS HITOS,38.7189497068,-1.68366186994
NAVAJUELOS,38.6490267612,-1.66485479296
TOBARRA,38.5797569244,-1.68920946657
MINATEDA,38.4640157542,-1.60045828366
AGRAMON,38.4034980614,-1.62991796592
MINAS,38.3196887252,-1.66090824112
PUERTO HERRADO,38.2763930475,-1.59292385787
LA MACETUA,38.2725089937,-1.52059032031
BLANCA-ABARAN,38.2228438275,-1.32491044779
BLANCA-ABARAN CONTENEDORES,38.2246231614,-1.32869103455
ULEA - KM. 426.7,38.1791341048,-1.26513247856
ARCHENA-FORTUNA,38.1313439963,-1.23603157252
LORQUI-CEUTI,38.0864920091,-1.23784517187
LAS TORRES DE COTILLAS,38.0316646924,-1.23787948623
SANTA BARBARA DEL SEGURA,37.9910568018,-1.21942589693
BENIAJAN,37.9763373388,-1.06875660912
TORREAGUERA,37.9835421908,-1.05353932221
LOS RAMOS-ALQUERIAS,37.998071791,-1.02907918166
CANTERAS,37.9653625943,-0.946039456716
RIQUELME-SUCINA,37.8960509831,-0.973288324563
BALSICAS-MAR MENOR,37.8187980271,-0.950954358918
TORRE-PACHECO,37.7469875433,-0.967039945091
LA PALMA-POZO ESTRECHO,37.6999239995,-0.977813662579
BARRIO DEL PERAL,37.6245969745,-0.991094728058
LIBRILLA,37.8865375768,-1.34713434191
ALHAMA DE MURCIA,37.8493719219,-1.41450206961
TOTANA,37.7634534813,-1.49559457913
LA HOYA,37.7036978213,-1.59538488077
LORCA-SAN DIEGO,37.6807095235,-1.68563136476
PUERTO LUMBRERAS,37.5809895527,-1.73189839663
PULPI,37.3991903597,-1.74947889812
CANTERA JARAVIA,37.3879654334,-1.69569277259
AGUILAS-EL LABRADORCICO,37.411861254,-1.58585748713
COLONIA DE SANTA EULALIA,38.57297275,-0.843248462827
SAX,38.5447759205,-0.814225114107
ELDA-PETRER,38.4849404403,-0.801064682962
MONOVAR-PINOSO,38.4413506521,-0.81662928875
NOVELDA-ASPE,38.4071408777,-0.777723949662
MONFORTE DEL CID,38.4062637191,-0.694984577077
AGOST,38.4073711293,-0.614842834795
CALLOSA DE SEGURA,38.1226735725,-0.874399217567
CREVILLENTE,38.2244965124,-0.781565294501
ELX-CARRUS,38.269022294,-0.706358458841
ELX-PARC,38.271853247,-0.695069369238
TORRELLANO,38.2895976427,-0.582505466149
MONTESA,38.9428433648,-0.641254458972
VALLADA,38.9088385598,-0.690344238426
GENOVES,38.9741825932,-0.485125328015
BENIGANIM,38.9384474839,-0.453253409467
LA POBLA DEL DUC,38.9153366157,-0.445601163468
MONTABERNER,38.8840895089,-0.491499482058
BUFALI,38.8674286124,-0.510488814186
ALBAIDA,38.8457047107,-0.51824541665
AGULLENT,38.8305123841,-0.551218210252
AGRES,38.7968388207,-0.521810252853
COCENTAINA,38.7556962075,-0.451780294793
EL ROMANI,39.3029790215,-0.394090790527
SOLLANA,39.2793391463,-0.37924261164
SUECA,39.2058001232,-0.308258559168
TAVERNES DE LA VALLDIGNA,39.0789422273,-0.226346007418
XERACO,39.0261973498,-0.214780655307
VALENCIA-CABANYAL,39.4700775036,-0.334655303498
ROCA-CUPER,39.5268123132,-0.323573916285
ALBUIXECH,39.5433256988,-0.320617543982
MASSALFASSAR,39.5556726371,-0.318316547463
EL PUIG,39.5883604542,-0.31175644059
LES VALLS,39.7192806867,-0.23978918494
LA LLOSA,39.7678307722,-0.202941281142
PEÑALAJO,38.5751646195,-3.4942490946
ALMURADIEL-VISO DEL MARQUES,38.5142874614,-3.50176952262
LAS CORREDERAS,38.3738652519,-3.50154237106
SANTA ELENA,38.3312537177,-3.50125189258
CALANCHA,38.2888167322,-3.47904498524
VILCHES,38.215668602,-3.51750585178
CABRERIZAS,38.1797973018,-3.54460598854
LAS MADRIGUERAS,38.0199831032,-3.63716070357
TOCINA,37.610340329,-5.73138802159
BRAZATORTAS-VEREDAS,38.6694231962,-4.31654987179
ALMADENEJOS-ALMADEN,38.7405572739,-4.73033601623
BELALCAZAR,38.7148299623,-5.07443987436
CASTUERA,38.7349592278,-5.54144991525
CAMPANARIO,38.8533910602,-5.64139523746
MAGACELA,38.9161638996,-5.7225092493
DON BENITO,38.967499321,-5.86213401269
MEDELLIN,38.9345222437,-5.97132660925
VALDETORRES,38.9133010747,-6.06983844689
ZARZAQUEMADA,40.3408648467,-3.74821029252
LA SERNA-FUENLABRADA,40.2967842028,-3.79261887829
PARQUE POLVORANCA,40.312771771,-3.78338836558
NUMANCIA Y YUNCOS,40.0815396635,-3.86423628035
CABAÑAS DE LA SAGRA,39.9877878864,-3.96328888125
BARGAS,39.972561703,-4.02296204713
VILLAMIEL DE TOLEDO,39.9646742508,-4.12848017055
RIELVES,39.9634647218,-4.19442165853
SANTA OLALLA-CARMENA,39.9629392819,-4.42122505751
ERUSTES,39.9494689105,-4.48757780446
ILLAN DE VACAS-CEBOLLA - KM. 110.4,39.9681526171,-4.55969451051
MONTEARAGON,39.960861725,-4.64650160257
CALERA-CHOZAS,39.8914943064,-4.97875453654
ALCAÑIZO,39.9070375672,-5.10884052352
OROPESA DE TOLEDO,39.9217551775,-5.18614928587
LA CALZADA DE OROPESA,39.9069280306,-5.27288388226
CASATEJADA,39.8919502362,-5.67763644163
TORIL,39.8946258247,-5.79175663254
LA BAZAGONA,39.9152270267,-5.89785391121
MALPARTIDA DE PLASENCIA,39.9464277798,-6.01869254429
MIRABEL,39.8661641144,-6.22889394618
CASAS DE MILLAN,39.8121000516,-6.32573581793
CAÑAVERAL,39.78896762,-6.37461154394
CASAR DE CACERES,39.551469893,-6.44030104522
ALDEA MORET,39.4485916152,-6.39187245637
ARROYO DE MALPARTIDA,39.4680735944,-6.53441963435
ALISEDA,39.4293595481,-6.70521618386
SAN VICENTE DE ALCANTARA,39.3815548894,-7.11706089385
VILLASECA Y MOCEJON,39.9458916782,-3.85068324726
VILLALUENGA-ASLAND,40.0106146279,-3.90351911019
VALDUERNA - KM. 53.8,39.3744311535,-6.37997411339
ALDEA DEL CANO,39.2927644243,-6.37983328987
EL CARRASCALEJO,39.0592294815,-6.38036545143
PROSERPINA,38.9946430022,-6.3875029511
FUENTE DUEÑAS,39.9884667282,-6.1471023546
SAN JOSE DE VALDERAS,40.3565588003,-3.81557992449
ALCORCON,40.3502494592,-3.83201457176
MOSTOLES,40.3285173258,-3.86392884315
LAS RETAMAS,40.3420288595,-3.84243185025
ALUCHE,40.3857645281,-3.76085920271
FANJUL,40.3836944891,-3.76863207314
LAS AGUILAS,40.381199688,-3.78026901706
LAGUNA,40.3989828333,-3.74416512038
EMBAJADORES,40.4052120736,-3.70263688289
MENDEZ ALVARO,40.395625051,-3.67821568982
DOCE DE OCTUBRE,40.3788914723,-3.69890076786
ORCASITAS,40.3667016699,-3.70453066558
PUENTE ALCOCER,40.3505004961,-3.70499829541
LAS MARGARITAS,40.3230950014,-3.7273004439
BUTANO. S. A.,40.266932911,-3.7392573668
GETAFE-SECTOR 3,40.2882379315,-3.73753638419
VIGO-PUERTO,42.2397242504,-8.70960020929
VIGO-TRASATLANTICOS,42.2393659094,-8.71657865302
VILLAUMBRALES,42.0861165833,-4.6268582758
GRIJOTA,42.0492079928,-4.5838936068
CISNEROS,42.1910740629,-4.8502716155
VILLALUMBROSO,42.1783916594,-4.7808005309
PAREDES DE NAVA,42.150763535,-4.69756049051
BECERRIL,42.1047401445,-4.64710987587
GRAJAL,42.3231981713,-5.01339755317
EL BURGO RANERO,42.4257705751,-5.20848543314
SANTAS MARTAS,42.4599688709,-5.38661401085
BERCIANOS DEL REAL CAMINO,42.4069073653,-5.15723559276
VILLAMARCO,42.4663349062,-5.29683007759
CALZADA DEL COTO,42.40220023,-5.07873957292
VEGA DE INFANZONES,42.4809498297,-5.53739830079
LEON ESTACION CENTRO,42.595937888,-5.58253404667
SANTIBAÑEZ,42.6816391164,-5.63345114528
CUADROS,42.7101181935,-5.63513163271
CIÑERA,42.8891053686,-5.64051283871
VILLAMANIN,42.9366440135,-5.6577373621
BUEN SUCESO,42.8324994913,-5.65561259836
LA POLA DE GORDON,42.8540153689,-5.67463196145
SANTA LUCIA,42.8752273856,-5.63978906586
VILLASIMPLIZ,42.9154871006,-5.65532222586
LINARES-CONGOSTINAS,43.1017464125,-5.77215415954
PAJARES,43.0277160245,-5.77281833176
NAVIDIELLO-PARANA,43.0700892191,-5.72551803103
MALVEDO,43.1065678032,-5.79566729255
LA FRECHA,43.0961300655,-5.79853493339
CAMPOMANES,43.1101447892,-5.816398381
LA COBERTORIA,43.1300759319,-5.81601402667
VILLALLANA,43.1838474112,-5.81462134209
SANTULLANO,43.2209729314,-5.78563652058
MIERES,43.2503007366,-5.78013901608
UJO-SOVILLA,43.1980880389,-5.78428776381
MIERES-PUENTE,43.2500448738,-5.78223737469
REICASTRO,43.2119703657,-5.78844393716
LA PEREDA-RIOSA,43.2771460874,-5.81226508063
LAS SEGADAS,43.31324027,-5.86918136327
EL CALEYO,43.3290310584,-5.87328372381
LA SILVOTA,43.4241067971,-5.80650499506
LA CORREDORIA,43.3883593085,-5.8274331274
LUGO DE LLANERA-BASE,43.4341730003,-5.81127930758
VILLABONA TABLADIELLO,43.474150014,-5.80002633147
MONTEANA,43.5208669932,-5.74629438113
CALZADA DE ASTURIAS,43.5354193848,-5.69769779263
SANTA EULALIA DE MANZANEDA,43.3173229909,-5.81265696042
CIAÑO,43.2892668015,-5.66868628349
LA FELGUERA,43.3047783096,-5.69279245075
PEÑA RUBIA,43.3213192065,-5.72087484925
SAMA,43.2918167174,-5.6794342998
EXPLOSIVOS RIO TINTO,43.3105781531,-5.70073099966
BARROS,43.3177859272,-5.71094764659
CARGADERO DE CARROCERIA,43.2878203392,-5.63006451226
CANCIENES,43.5072997346,-5.86926109904
FERROÑES,43.4760384001,-5.86159320983
LA ROCICA,43.5470776077,-5.90473057458
VILLALEGRE,43.5402705477,-5.90220096058
LOS CAMPOS,43.5370322012,-5.88528358219
LA MARUCA CONTENEDORES,43.5719962033,-5.92668334549
MARCILLA DE CAMPOS,42.311513718,-4.38194014416
FROMISTA,42.2648952072,-4.4024545984
AMUSCO,42.1781978854,-4.48053600719
PIÑA,42.2117807875,-4.43467280104
MONZON DE CAMPOS,42.1055601253,-4.50168128354
LAS CABAÑAS DE CASTILLA,42.356942607,-4.36299483099
EL CARRION,42.1167476146,-4.49584874706
ESPINOSA-EL CABALLO,42.4970131701,-4.37043710269
AGUILAR DE CAMPOO,42.7853333556,-4.23376257879
HERRERA DEL PISUERGA,42.5990032302,-4.31659660407
ESPINOSA DE VILLAGONZALO,42.4789287703,-4.37449941106
SAN CRISTOBAL DE BOEDO,42.5421893006,-4.35740581319
ALAR DEL REY,42.6550842643,-4.31171017096
MAVE,42.7234130186,-4.27562461528
POZAZAL,42.9190132917,-4.12186142486
SOPEÑA,42.9510953643,-4.1356798125
PUJAYO,43.1225830503,-4.08257382602
COBEJO,43.1312117017,-4.06760096905
RIO EBRO,43.0009234849,-4.13436235914
MONTABLIZ,43.1021593668,-4.09750177372
LANTUENO-SANTIURDE,43.0583544208,-4.084008409
PESQUERA,43.0823380464,-4.07382535002
SANTA CRUZ DE IGUÑA,43.1701106227,-4.04510773675
ARENAS DE IGUÑA,43.1853446198,-4.05012347812
LAS FRAGUAS,43.1923434515,-4.05342985379
MOLLEDO-PORTOLIN,43.1455076742,-4.03904820622
LOMBERA,43.265799396,-4.06758277982
LAS CALDAS DE BESAYA,43.298716576,-4.07324577242
VIERNOLES,43.3244860093,-4.05399987395
VIOÑO,43.3606276175,-3.96495561701
ZURITA,43.3477054069,-3.9910614784
PARBAYON,43.3767249053,-3.89420161094
MURIEDAS-BAHIA,43.4217217261,-3.84408876923
MALIAÑO,43.4175489468,-3.84200735757
BOO,43.4104139843,-3.84158694833
NUEVA MONTAÑA,43.4448242107,-3.84698518509
VALDECILLA,43.4541032915,-3.82780221043
ALFAGEME,42.5799509483,-5.59427303965
VILLABANTE,42.464577883,-5.83882903162
NISTAL,42.4244152606,-6.00837767044
VEGUELLINA,42.4335324382,-5.88752549349
VILLADANGOS,42.5215523203,-5.74555138367
BARRIENTOS,42.4144114871,-5.9642063042
SAN MARTIN DEL CAMINO,42.4765550434,-5.82030015168
ASTORGA CLASIFICACION,42.4593467412,-6.04724163467
PORQUEROS,42.5989369433,-6.10839889674
BRAÑUELAS,42.6326748296,-6.20110999884
VEGA-MAGAZ,42.5531603603,-6.06802218848
OTERO DE ESCARPIZO,42.5137622076,-6.05520657701
LA SILVA,42.60131902,-6.2804335864
NAVALEO,42.5892733542,-6.37788169699
ALBARES,42.6148959071,-6.28260223508
VILLAVERDE DE LOS CESTOS,42.5981399264,-6.50336272757
SAN MIGUEL DE LAS DUEÑAS,42.5864613672,-6.52384185752
BEMBIBRE,42.6090223209,-6.42133258059
LA GRANJA,42.6068021072,-6.29500842856
TORRE DEL BIERZO,42.5955316278,-6.32897414546
VILLADEPALOS,42.5367995749,-6.75394874439
DEHESAS,42.5437446618,-6.68613530909
POSADA DEL BIERZO,42.5399378069,-6.7155398425
PEÑAMALA,42.5249321352,-6.79435157924
QUEREÑO,42.4207234233,-6.82954007681
O BARCO DE VALDEORRAS,42.4182757348,-6.98506207921
PUMARES,42.4044978072,-6.85908429353
VILAMARTIN DE VALDEORRAS,42.4117923889,-7.06136059063
SOBRADELO,42.4148162807,-6.91194594497
COVAS,42.4752406587,-6.83085303435
SOLDON-SEQUEIROS,42.4472193557,-7.24168395051
POBRA DE BROLLON,42.533543247,-7.40000220659
FREIXEIRO,42.4834541255,-7.34445641362
SAN CLODIO-QUIROGA,42.4653342157,-7.28729070899
MONTEFURADO,42.393999607,-7.19335201321
OURAL,42.721979394,-7.44758523983
RUBIAN,42.5763574726,-8.72352954189
BOVEDA,42.6224710877,-7.48698200942
LAXOSA,42.9572855165,-7.48163590467
POBRA DE SAN XIAN,42.8662066086,-7.44691152269
PEDRELO-CELTIGOS,42.8339349053,-7.39391958738
BEGONTE,43.1493660265,-7.68641328357
PARGA,43.1640349049,-7.83646550624
BAAMONDE,43.1734898823,-7.75716242498
RABADE,43.1214327367,-7.62579618349
CESURAS,43.1734212308,-8.20086739611
ARANGA,43.179467492,-7.98345557099
PIÑOI,43.1452825881,-8.19124594911
CURTIS,43.1272874412,-8.1430836525
OZA DOS RIOS,43.218714737,-8.1870476468
TEIXEIRO,43.1413380362,-8.0377408633
CECEBRE,43.2879439602,-8.30776315339
O BURGO-SANTIAGO,43.3179072911,-8.36866270893
CAMBRE,43.290660898,-8.35223697131
GUISAMO,43.2920203432,-8.27011044371
ELVIÑA-UNIVERSIDADE,43.3351684088,-8.41300971934
A CORUÑA-SAN DIEGO CONTENEDORES,43.3575495718,-8.3980306345
MIÑO,43.3422946575,-8.20547188698
PONTEDEUME,43.4117844086,-8.18047808607
BARALLOBRE,43.4629296115,-8.18854543001
NEDA,43.495368184,-8.16105332307
BETANZOS-CIDADE,43.2842174785,-8.21599449755
PERBES,43.3782303755,-8.2011037072
CABANAS,43.4156122178,-8.16884959824
FRANZA,43.4385038915,-8.19757938261
PERLIO,43.4722781815,-8.17508357338
CANABAL,42.4829031576,-7.58784109163
SAN ESTEVO DO SIL,42.4275605332,-7.66302297035
SAN PEDRO DO SIL,42.452782356,-7.71217777857
AREAS,42.4579203676,-7.62920548353
OURENSE-EMPALME E.C.,42.3502760285,-7.87254050217
OURENSE-EMPALME CONTENEDORES,42.3522288381,-7.8749096779
BARRA DE MIÑO,42.4032291395,-7.80187494075
BARBANTES,42.3398264459,-8.01070009814
SALVATERRA,42.0816938935,-8.49495293345
SELA,42.0878355075,-8.3565241207
POUSA-CRECENTE,42.1366475658,-8.23491118942
FILGUEIRA,42.2199765832,-8.18480623701
AS NEVES,42.07545074,-8.42001186642
CALDELAS,42.055584877,-8.56773567761
ARBO,42.1070520391,-8.30023867818
FRIEIRA,42.1550867215,-8.19931137202
O PORRIÑO,42.1640517576,-8.62204932128
LOUREDO-VALOS,42.2343337393,-8.59675332095
CHAPELA,42.2681663741,-8.6709062382
CARDEÑOSA DE AVILA,40.739623063,-4.75095768795
MONSALUPE,40.7614065359,-4.79606504296
CRESPOS,40.8699173116,-4.96854022309
BARCELONA-PASSEIG DE GRACIA,41.3968335578,2.16442893855
LA SECUITA-PERAFORT,41.1933357707,1.26142958309
EL CATLLAR,41.1761015024,1.33772866834
LA RIERA DE GAIA,41.1698540867,1.36657174249
LA POBLA DE MONTORNES,41.1808733766,1.41345985054
EL VENDRELL,41.2182238676,1.53593109765
ELS MONJOS,41.3146387155,1.65989881291
LA GRANADA,41.3638661829,1.73409565613
ITSASONDO,43.0675518832,-2.16288510511
URNIETA,43.2475532677,-1.9882946136
ATEGORRIETA,43.3203148185,-1.95961861343
IZARRA,42.9517835912,-2.90088743227
LUIAONDO,43.0936569826,-2.99971360375
ARRANKUDIAGA,43.1711033926,-2.9171193263
IÑARRATXU,43.0335289154,-3.00607561242
NARROS DEL CASTILLO,40.8642362105,-5.06132604464
VILLAR DE GALLIMAZO,40.9519725189,-5.29581603496
BABILAFUENTE,40.9721774087,-5.42987521734
SAN MORALES,40.9841794164,-5.49295126359
ALDEALENGUA,40.9798160067,-5.5530724444
LAVERN-SUBIRATS,41.3956997021,1.76943453693
GELIDA,41.4481802765,1.86473555482
SANT FELIU DE LLOBREGAT,41.383633835,2.04703060856
SANT JOAN DESPI,41.3692592507,2.05926985465
CORNELLA,41.3579911969,2.06943391157
SANT ILDEFONS DE CORNELLA,41.3594504344,2.08479181014
SANT CUGAT DEL VALLES,41.4811463115,2.0792070304
RIU MILANS,41.4073542219,1.03223221555
HOYA DE HUESCA,42.1093600587,-0.425134397245
NAVASA,42.5470120211,-0.479573569151
CASAS DEL MONTE,40.2098321958,-5.97791597584
ALDEANUEVA DEL CAMINO,40.2505375672,-5.93678045075
HERVAS,40.2703746204,-5.8588927158
BAÑOS DE MONTEMAYOR,40.3076756008,-5.85897658437
FUENTE EL FRESNO,39.2739466254,-3.88129935835
FERNAN CABALLERO,39.1122410152,-3.88306668072
LA LEBRERA,39.03044276,-3.92210397902
ALMONACID,39.7750124026,-3.8327656699
MASCARAQUE,39.7348716436,-3.81339681144
MANZANEQUE,39.6361414434,-3.80221827177
TORREJON DE VELASCO,40.1897349986,-3.75061723862
PANTOJA Y ALAMEDA,40.0301590157,-3.82811971433
SESEÑA-A. V.,40.063639378,-3.67320740543
TARANCON-A. V.,39.9773527894,-2.99696778908
CAMPOS DEL PARAISO,40.0274171605,-2.71764936304
HORCAJADA,40.0522635698,-2.48359585051
MONTEAGUDO DE LAS SALINAS,39.8170879141,-2.00018248727
INIESTA,39.5213861303,-1.78697027063
CAUDETE DE LAS FUENTES,39.5475542145,-1.30179597514
SIETE AGUAS-A. V.,39.4630379517,-0.946554105671
CHIVA-A. V.,39.4732433039,-0.625903891216
SAN ISIDRO,37.1936806562,-3.6418413942
LAS MARAVILLAS,37.0435444709,-4.69474753196
PINAR DE ANTEQUERA,41.5925414367,-4.7517221986
EL PLANTIO,40.4719924211,-3.83104324842
EL PLANTIO-MAJADAHONDA,40.4728933223,-3.83740856213
PEDROSILLO - KM. 127.6,40.7094516429,-4.67113757346
CANTERA DE MINGORRIA,40.7339494845,-4.67184955234
AZUCARERA DE CASTILLA,41.9198921702,-4.4942337898
AZUCARERA ALAVESA - KM. 488.3,42.8542963203,-2.7189587644
GAVIRIA,43.0588236536,-2.278719776
BILBAO-LA NAJA,43.2600618344,-2.92590914443
ZORROTZA-PUERTO,43.2850805061,-2.96896738224
BILBAO-PUERTO,43.2653129932,-2.95146501261
FIGUEIRIDO,42.3798741074,-8.63270274961
VALDERREY,42.4093766581,-6.00725419898
SAN ROMAN,43.4488638751,-6.07720475937
MUÑOGRANDE,40.8211007712,-4.91125611588
GIMIALCON,40.8633217014,-5.12435821363
LOS YEBENES,39.5493756429,-3.82073156331
EL EMPERADOR,39.33509907,-3.87424210503
POBLETE - KM. 186.200,38.9343748575,-3.94681409851
CARACUEL,38.8208679176,-4.06465466781
ARGAMASILLA DE CALATRAVA,38.7368150984,-4.08463669217
LAS CABRAS,38.7171543011,-5.17202610733
EL QUINTILLO - KM 344.3,38.6983942393,-5.42342831626
BADAJOZ-FRONTERA,38.9201543698,-7.03022961055
TUI-FRONTERA - KM.5.3,42.0377502838,-8.64831776308
CORESES,41.5349571981,-5.61452656409
MONTE LA REINA,41.5079793769,-5.50454586189
CASTRONUÑO,41.4024684481,-5.24288630073
NAVA DEL REY,41.3346915013,-5.07665269446
POLLOS,41.4214439308,-5.12478448469
ABEJERA,41.8094218063,-6.14185223698
CARBAJALES DE ALBA,41.6816294598,-5.97203058854
MANZANAL DEL BARCO,41.6531278319,-5.90896514909
ANDAVIAS - KM. 18.7,41.6271707702,-5.85766531915
FERRERUELA DE TABARA,41.7641390233,-6.07389447775
LOSACIO-SAN MARTIN,41.7359422393,-6.02251024482
LA HINIESTA,41.5634120607,-5.81182914893
LA TORRE DE ALISTE-POBLADURA,41.8748070014,-6.30051512473
SAN PEDRO DE LAS HERRERIAS,41.9090807888,-6.37982008022
ROBLEDO DE SANABRIA,41.9824497265,-6.54673515742
LINAREJOS-PEDROSO,41.9469750505,-6.48461896749
CABAÑAS DE ALISTE,41.8545699944,-6.24642252894
REQUEJO,42.023267332,-6.74905804446
PEDRALBA,42.0271447267,-6.69669105574
VILARIÑO DE CONSO-A CAPELA,42.0701334786,-7.23400611666
A MEZQUITA-VILAVELLA,42.0444609502,-7.01930883468
CASTRELO DO VAL-VERIN-CAMPOBECERROS,42.0625881253,-7.33335576053
A GUDIÑA,42.0606104437,-7.13251020386
VILAR DE BARRIO,42.1633190276,-7.59863499982
BAÑOS DE MOLGAS,42.2375668963,-7.68293709202
PADERNE CANTOÑA,42.2564013869,-7.75306376981
BOBORAS,42.4439880823,-8.13176900496
A FRIELA-MASIDE,42.4113433524,-8.02891655804
SANTA CRUZ DE ARRABALDO,42.3527281894,-7.98963721116
O CARBALLIÑO,42.4314102747,-8.06883451539
MASIDE,42.4114482677,-8.00679296389
SAN XOAN DE VILANOVA,42.6122054874,-8.11652157035
BANDEIRA,42.7461624186,-8.30446026156
SILLEDA,42.7202896181,-8.24321684668
CANTERA DE CAMPOMARZO,42.7548331497,-8.28965313768
PONTE TABOADA,42.6844064567,-8.20689313404
A SUSANA,42.8295537716,-8.48616732553
ORDES,43.0379544393,-8.44792545642
UXES,43.29735594,-8.44436862371
REDONDELA-PICOTA,42.2932821121,-8.61183023078
ARCADE,42.3404081259,-8.6104676128
CESANTES,42.3102931151,-8.61626814157
PORTELA,42.5177564464,-8.65453957522
PONTEVEDRA-UNIVERSIDAD,42.4382900088,-8.63003895783
RUBIANS,42.5762787933,-8.72635901281
CATOIRA,42.6721878946,-8.7253418737
VILAGARCIA DE AROUSA-PRAIA,42.6082106023,-8.76746565659
PONTECESURES,42.7228996127,-8.65216636929
ANGUEIRA,42.7963966886,-8.63813050116
OSEBE,42.8252685425,-8.61584408777
A ESCRAVITUDE,42.7833101061,-8.65050570362
FUENCARRAL RESERVA U.T.,40.5025121124,-3.68189576485
SOTO EL REAL,40.7585867588,-3.76639614662
MIRAFLORES DE LA SIERRA,40.8069485382,-3.75216861442
DIPUTACION,40.5384515621,-3.69864022519
LOZOYUELA,40.9028334164,-3.65089713468
GARGANTILLA-LOZOYA,40.9520969614,-3.71595554307
GASCONES-BUITRAGO,41.0283630987,-3.67412265027
BRAOJOS-LA SERNA,41.0438546419,-3.64287051762
SANTO TOME DEL PUERTO,41.1808155026,-3.56357246236
BOCEGUILLAS,41.3315165932,-3.60126504283
CAMPO DE SAN PEDRO,41.429711238,-3.54319786837
FUENTELCESPED-SANTA CRUZ,41.5962847421,-3.6264412177
GARGANTA DE LOS MONTES,40.9226821298,-3.69280062684
LA ACEBEDA,41.0878322659,-3.62503262288
SANTA CRUZ DE LA SALCEDA,41.5905751415,-3.59719537886
LA SERNA,41.0632898181,-3.62205962211
GUMIEL DE HIZAN,41.775266277,-3.67274717521
FONTIOSO,41.9346580509,-3.76906402231
VILLAMAYOR DE LOS MONTES,42.117775907,-3.73511834043
SARRACIN,42.2494870185,-3.70730766444
MADRID-RECOLETOS,40.42253633,-3.6919214918
MADRID-NUEVOS MINISTERIOS,40.4466187545,-3.69064465705
MENDEZ ALVARO,40.3956019062,-3.67838930099
KM. 3.237,40.4271744315,-3.69627945669
MAD-NVS MINISTER,40.447057846,-3.69137258656
VALDELASFUENTES,40.5444092622,-3.64185983276
SAGUNTO CARGAS,39.6652737826,-0.27146062609
UNIVERSIDAD PONTIFICIA DE COMILLAS,40.5539123083,-3.67776415173
VICIEN,42.054856316,-0.44525566853
VALDEMORO-A. V.,40.1330935039,-3.68808596742
SANTA CRUZ DE LA ZARZA-A. V.,39.9823218047,-3.09738801589
CUENCA - FERNANDO ZOBEL,40.0354342094,-2.14639975225
TARAZONA,39.2649381961,-2.00627088193
CAMBIADOR ALBACETE,38.9991373376,-1.84632280917
REQUENA-UTIEL,39.5242158283,-1.13885398442
VALENCIA-JOAQUIM SOROLLA,39.4607381174,-0.381786513393
PUERTOLLANO,38.6937722584,-4.10988459139
BRAZATORTAS,38.6703307838,-4.27927212644
VENTA LA INES,38.5698968969,-4.4282759477
VILLANUEVA DE CÓRDOBA,38.2554445345,-4.57108090174
ADAMUZ,38.0200070136,-4.56161931978
HORNACHUELOS,37.7666509328,-5.24331340788
GUADAJOZ,37.6007375809,-5.62278382029
TORREMEJIA,38.7912037729,-6.369013576
RUMIANCA-SIASA,38.9179209579,-6.36402768798
ZAFRA FERIA,38.4252154171,-6.40894842313
MONTMELO,41.5501116067,2.24658280126
CARDEDEU,41.6365110385,2.35334175246
LLINARS DEL VALLES,41.6379528376,2.40456433959
PALAUTORDERA,41.6715547989,2.45395721609
RIELLS I VIABREA-BREDA,41.7261928228,2.5684905702
HOSTALRIC,41.7477276367,2.63178544458
GRANOLLERS CONTENEDORES,41.5975087835,2.29159848726
LES FRANQUESES-GRANOLLERS NORD,41.6169617421,2.29458960055
SILS,41.8075453447,2.74509991964
CALDES DE MALAVELLA,41.8410352721,2.80083674052
RIUDELLOTS,41.8962098277,2.81168297238
CELRA,42.0271271951,2.87506914746
BORDILS-JUIA,42.0365222093,2.91489665542
FLAÇA,42.0475933,2.95727015577
SANT JORDI DESVALLS,42.0682625414,2.96500946967
CAMALLERA,42.1222547969,2.96552871788
SANT MIQUEL DE FLUVIA,42.1720469445,2.98921184319
VILAJUIGA,42.3244031775,3.0854700544
LLANÇA,42.366616977,3.14920834613
PLATJA DE GARBET,42.3907492575,3.15138437715
COLERA,42.4070099181,3.1545484961
SANT ADRIA DE BESOS,41.4245015794,2.23027563328
MONTGAT,41.4630723646,2.27192583774
MONTGAT-NORD,41.4688420947,2.28674307067
EL MASNOU,41.4770438154,2.31007285421
OCATA,41.4787880499,2.3199811244
PREMIA DE MAR,41.4876051614,2.35404606642
VILASSAR DE MAR,41.5005323799,2.38966879644
CABRERA DE MAR-VILASSAR DE MAR,41.5065433532,2.40166500713
EL POZO,40.3765605034,-3.65656132288
VALLECAS,40.3824893224,-3.62415259183
SANTA EUGENIA,40.3878395142,-3.60889775433
TORREJON CARGAS,40.4414943618,-3.47925808444
PONTEAMBIA,42.2452644059,-7.72479844143
CAMPILLO,41.2598287279,-5.01736846307
GOMECELLO,41.041531461,-5.54214476061
AVEINTE,40.7854019684,-4.83641559171
A ALBERGUERIA-PRADO,42.1321032589,-7.49602476291
UTEBO-MONZALBARBA,41.7036819883,-0.985803517
RIO HUERVA,41.6032980371,-0.873587172407
ZARAGOZA-EL PORTILLO,41.6517275418,-0.895280498679
ALCALA H.-A.V.,40.4557353074,-3.31318606381
PLASENCIA JALON,41.6783944983,-1.25859248879
LOS MILANOS,37.5851627905,-6.91957616104
ALMODOVAR,37.82231173,-4.98298287005
ALCAZAR DE SAN JUAN E.C.,39.3955754173,-3.20449902515
BADALONA,41.4457996866,2.24885646697
CABEZON DEL PISUERGA,41.7371689515,-4.65141723769
VILLAQUIRAN,42.21585847,-3.99979706599
LODOSA,42.379879904,-2.0714543739
ALCOVER-A.V.,41.2644669455,1.18874496567
POBLA MONTONES,41.1870547396,1.43299419789
VILLAFRANCA-A.V.,41.3588280669,1.71599489477
GELIDA-A.V.,41.4444835946,1.83533310406
S. VICENÇ HORTS,41.3970745651,2.0167093531
PRAT LLOBREGT-AV,41.3299539298,2.08821215515
TRES CANTOS-A.V.,40.6326877496,-3.7238952506
SOTO DEL REAL-AV,40.7693209517,-3.76500187628
 GARCILLAN,40.9929526611,-4.27537052463
CAMBIADOR VALENCIA,39.455239713,-0.381168696457
NAVA ASUNCION-AV,41.125177663,-4.43808671388
OLMEDO-A.V.,41.2683352592,-4.67266051121
 HORNILLOS,41.3526261252,-4.75948260165
PEGUERILLAS,37.3271770212,-6.94708697729
HUELVA-MERCANCIAS,37.2590329564,-6.9192352294
SANT ANDREU DE LLAVANERES,41.5551812988,2.49823040686
CALDES D ESTRAC,41.5684777418,2.52711496971
CANET DE MAR,41.5865131116,2.58106719076
SANT POL DE MAR,41.6015880595,2.62405431901
PINEDA DE MAR,41.6221998391,2.69287476464
MALGRAT DE MAR,41.6386408187,2.73428821054
TORDERA,41.7071680593,2.71939351339
SANTA SUSANNA,41.6297974104,2.71622911912
ALTSASU-PUEBLO,42.8935210418,-2.16657787078
BAKAIKU/BACAICOA,42.8968898851,-2.10666326936
LAKUNTZA,42.9273036662,-2.02531442872
UHARTE-ARAKIL,42.9205597493,-1.97494294534
HIRIBERRI-ARAKIL/VILLANUEVA DE ARAQUIL,42.9145233441,-1.8926820701
ZARAGOZA SUR,41.6510861397,-0.894732815567
PARLA A.V.,40.2340773183,-3.74457069015
LOS GAVILANES,40.2988428122,-3.6685134236
ABLATES,39.8177510803,-3.85454442654
MORA Y ORGAZ,39.6829652192,-3.80156728163
URDA,39.4189515331,-3.82179492946
CALATRAVA,38.8037276566,-4.07040910278
BIOENERGETICA EX,38.9088739502,-6.09491075795
KM. 40.0 (VALSEQUILLO),38.4133048867,-5.34844052069
LA MAROTA,37.7907691829,-4.99906234178
SANTAELLA,37.5864811518,-4.8897713826
ALORA A.V.,36.8590773173,-4.69135441337
MADRID SUR,40.3468117014,-3.66372333845
VALLECAS-A.V.,40.3403179133,-3.60882138221
MEJORADA DEL CAM,40.4095323398,-3.48279874065
BRIHUEGA,40.7939452271,-2.9310522724
LAS INVIERNAS,40.8973646575,-2.7026450528
ALCOLEA DEL PINA,40.9918902241,-2.5262298902
ARIZA-A.V.,41.2262105102,-2.07038916031
ALHAMA DEA.-A.V.,41.2832198308,-1.90408982115
RICLA-A.V.,41.5258138499,-1.40370861139
PINA EBRO-A.V.,41.5309605505,-0.524087294434
BUJARALOZ,41.5326509601,-0.352256651162
BALLOBAR,41.5722512965,0.108177513602
MONTAGUT-A.V.,41.6292861108,0.495454303873
EL SEGRE,41.6038994849,0.601895257134
L ESPLUGA F-A.V.,41.4047215471,1.10176147229
GUADIANA DEL CAUDILLO,38.9224048603,-6.69360263904
ARAVACA,40.448476428,-3.78075721156
MAJADAHONDA,40.4737780321,-3.84520001757
EL BARRIAL-CENTRO COMERCIAL-POZUELO,40.4653140031,-3.8080008804
LOS PEÑASCALES,40.5612538682,-3.90377290946
EL PIMPOLLAR,40.569118084,-4.28577815312
ADANERO-MUÑOZ,40.9663230881,-4.63620558129
VIANA,41.523204531,-4.75445783002
EL PINAR ANTEQ.,41.5873844976,-4.754480882
DUEÑAS,41.8711521859,-4.54035732788
VALLADOLID UNIVERSIDAD,41.6605818462,-4.70364892722
TORQUEMADA,42.0158878772,-4.29895180169
QUINTANA DEL PUENTE,42.0800064281,-4.19894717381
LOS BALBASES,42.177568189,-4.05356474093
ESTEPAR,42.2723465603,-3.89391716473
QUINTANILLEJA,42.3272525057,-3.81160618523
CANTERA LLANOS,37.6494430896,-5.54787554759
SEVILLA-PUERTO,37.359886379,-5.99605110009
LA IBERIA,43.3128465922,-3.00619102708
PORTUGALETE,43.318466092,-3.01504946491
PEÑOTA,43.3257653691,-3.02322395929
GALINDO,43.3044428295,-3.00909951702
TRAPAGA,43.3026981964,-3.01691267916
VALLE DE TRAPAGA/TRAPAGARAN,43.3016239192,-3.02919378955
ORTUELLA,43.311230309,-3.06060144644
PUTXETA,43.3152564806,-3.092147279
URIOSTE,43.307370362,-3.04233986814
GALLARTA,43.3196253401,-3.06830911996
SAGRADA FAMILIA,43.3083994053,-3.05267732807
RIO DUERO,41.5500891211,-4.76109485408
EL PINAR SUR,41.566070598,-4.75995194336
PEÑAFLOR,37.6872334406,-5.46764075127
ALBACETE CARGAS,39.0090399583,-1.8561446425
UNIVERSIDAD DE ALICANTE,38.3858055076,-0.527949388813
EL PINAR NORTE,41.5966893083,-4.75081959597
ZARAGOZA NORTE,41.6109525256,-0.840665146358
EL MAGISTRE,39.4953081716,-0.329865515025
VINIVAL,39.4835253859,-0.332197382511
ALBORAYA,39.4851682413,-0.331876454851
SIDMED,39.6693869376,-0.274455763689
LA GRANJUELA - KM. 45.9,38.3674515893,-5.34018157322
CANTAGALLO,40.3734866566,-5.82337710985
BEJAR,40.3845615809,-5.78012981761
NAVALMORAL DE BEJAR,40.4233029751,-5.78148608938
SANCHOTELLO,40.4378346015,-5.73517259897
LEDRADA,40.4717063738,-5.71302281842
FUENTES DE BEJAR,40.5059796508,-5.69054349612
GUIJUELO Y CAMPILLO,40.5537078609,-5.67457320128
PIZARRAL,40.6198141021,-5.65944959239
LA MAYA Y FRESNO,40.6941102304,-5.62003108053
SIETEIGLESIAS DE TORMES,40.7429879992,-5.57751593742
ALBA DE TORMES,40.8077489867,-5.53749144766
LA MAZA DE ALBA,40.8624862855,-5.59080365002
LOS ARAPILES,40.8941711847,-5.62697044234
OLIVA ALMENDRAL,40.0844899241,-6.08558003364
VILLAR DE PLASENCIA,40.1442068961,-6.04311722096
IZURDIAGA-IRURTZUN,42.9094865205,-1.83233326805
ZUASTI,42.8538190551,-1.7485559052
CIZURMAYOR,42.7972984593,-1.67734371977
BIURRUN-CAMPANAS,42.6900563465,-1.65272888883
CARRASCAL,42.65219073,-1.64515999278
OLITE,42.4857149727,-1.64984330584
PITILLAS,42.423008184,-1.63083893426
CAPARROSO,42.3803015201,-1.64603860824
MARCILLA DE NAVARRA,42.3348831958,-1.71727003849
VILLAFRANCA DE NAVARRA,42.2815349853,-1.74498487476
MILAGRO,42.2423749765,-1.73360849891
BRIONES,42.5449221654,-2.77946682812
SAN ASENSIO,42.5200782007,-2.74590214811
CENICERO,42.4859483546,-2.62617912206
FUENMAYOR,42.488245393,-2.5678158231
BUICIO,42.4629907473,-2.58703508462
CENICERO SAN ISIDRO,42.4822463767,-2.64647156976
HARO EL PARDO,42.5670564867,-2.83549767404
RECAJO,42.4496952688,-2.33444199169
AGONCILLO,42.4435041461,-2.29122276695
ARRUBAL,42.4307686467,-2.25627135544
FECULAS-NAVARRA,42.4128702051,-2.09844171953
RINCON DE SOTO,42.2324695057,-1.8508537369
ALFARO,42.1880344785,-1.75138671843
LA VENTILLA,42.3530249402,-3.65530205772
QUINTANAPALLA,42.4008294034,-3.54055732963
BARRIOS DE COLINA,42.4132309014,-3.44939963897
PIEDRAHITA DE JUARROS,42.4329841882,-3.43388673778
SANTA OLALLA DE BUREBA,42.4649848238,-3.44702585329
CASTIL DE PEONES,42.4925874792,-3.37460032
CALZADA DE BUREBA,42.622716643,-3.24642396658
MANZANOS,42.7406790109,-2.87072253466
LA PUEBLA DE ARGANZON,42.7650684552,-2.8305545345
NANCLARES-LANGRAIZ,42.8161944991,-2.80492167044
TRESPUENTES,42.8434745948,-2.76790906627
ESTIVALIZ-OREITIA,42.8536754518,-2.55995182903
ALEGRIA-DULANTZI,42.8489401659,-2.51470025751
EZKEREKOTXA,42.8432730315,-2.45465347621
ARAIA,42.8694826366,-2.30687359823
ZIORDIA,42.8694702647,-2.22417791997
OLAZTI/OLAZAGUTIA,42.8783991011,-2.19767757297
ZEGAMA,42.9759350029,-2.31405554135
LEGAZPI,43.0510172021,-2.33058717157
ORMAIZTEGUI,43.0404866754,-2.25661398374
SALBATORE,43.0478513759,-2.23182330487
BEASAIN,43.0462982753,-2.20220182758
ORDIZIA,43.0523988382,-2.1794803373
LEGORRETA,43.0853886193,-2.14177355276
IKAZTEGIETA,43.0929012708,-2.12749105788
ALEGIA,43.1014885763,-2.09760337365
GABIRIA,43.0591077129,-2.27856977789
TOLOSA-CENTRO,43.1393924038,-2.07396251732
ANOETA,43.1626371048,-2.07026070824
BILLABONA-ZIZURKIL,43.1892271965,-2.05519684054
ANDOAIN-CENTRO,43.2155795441,-2.0203152119
ANDOAIN,43.2221835518,-2.01505387476
HERNANI-CENTRO,43.265664513,-1.97324691545
HERNANI,43.2725509439,-1.96357373704
MARTUTENE,43.2991116087,-1.95605846416
LOIOLA,43.3046260998,-1.96338456686
GROS,43.3219355041,-1.97309626492
HERRERA,43.3193928479,-1.93685071435
RIBAFORADA,41.9971307462,-1.5152360287
BUÑUEL,41.9719650579,-1.4881643278
GALLUR,41.8666488694,-1.32117287695
LUCENI,41.8263693214,-1.24372924541
PEDROLA,41.8047623253,-1.20213560468
ALAGON,41.7713321952,-1.11258069776
LA JOYOSA-TORRES,41.7504033278,-1.07286076931
VILLALONQUEJAR,42.3633521683,-3.77082811204
CORELLA,42.1057256812,-1.77125107182
VALLADOLID-LA ESPERANZA,41.6347795859,-4.7320740391
PASAIA,43.3194768595,-1.91842606762
VENTAS DE IRUN,43.3304729313,-1.81669827243
PASAIA-PUERTO,43.3188834721,-1.91707717702
LOS NEGRALES,40.6386913038,-4.02197002151
ALPEDRETE,40.6574611465,-4.03465469914
COLLADO MEDIANO,40.6925292756,-4.03558239567
LOS MOLINOS-GUADARRAMA,40.7074890634,-4.06672627125
GUDILLOS,40.7171146481,-4.15790030601
SAN RAFAEL,40.7149273692,-4.18127118
EL ESPINAR,40.7414022841,-4.18977409697
LOS ANGELES DE SAN RAFAEL,40.7778743847,-4.20807415193
OTERO-HERREROS,40.8006170385,-4.20387766883
ORTIGOSA DEL MONTE,40.8320322801,-4.16865931348
NAVAS DE RIOFRIO-LA LOSA,40.856760085,-4.14117555017
CERCEDILLA-PUEBLO,40.74218408,-4.05876135816
LAS HERAS Y LOS CASTAÑOS,40.748086814,-4.05743333734
CAMORRITOS,40.7601237395,-4.04599534716
SIETE PICOS,40.7641326971,-4.03665079733
COLLADO ALBO,40.7642393424,-4.0273205419
DOS CASTILLAS,40.7920335082,-4.00062371132
VAQUERIZAS,40.8041019412,-3.98222765578
POBES,42.8048287061,-2.90727501992
ZUHATZU,42.8686064221,-2.89621818312
INOSO-OIARDO,42.9928520003,-2.91591447146
LEZAMA,43.0205437094,-2.98489551412
AMURRIO,43.0504752066,-3.00068578957
SALBIO,43.0766521677,-2.9989776009
SANTA CRUZ DE LLODIO,43.133968479,-2.96853732313
ARBIDE,43.1639704173,-2.92613777206
UGAO-MIRABALLES,43.1796181682,-2.90260562406
BASAURI,43.2222505003,-2.88191235514
BIDEBIETA-BASAURI,43.237233368,-2.8901462052
OLLARGAN,43.2427429467,-2.9157271745
BAKIOLA,43.1772497195,-2.90832669844
ARAKALDO,43.151791409,-2.93900556969
ABAROA-SAN MIGUEL,43.2255733488,-2.88634538795
LA PEÑA DE BILBAO,43.2398157765,-2.92348917154
MIRIBILLA,43.2486746457,-2.92883031615
AMURRIO IPARRALDE,43.059837361,-2.99538273933
SAN ROQUE-LA LINEA CONTENEDORES,36.2106633636,-5.42975981005
ZABALBURU,43.2562703466,-2.93352195479
AMETZOLA,43.2567244067,-2.94240315834
AUTONOMIA,43.2593004661,-2.94876300074
SAN MAMES,43.2620389743,-2.9529399328
SESTAO,43.3098677732,-2.9966167862
EL CARPIO,41.2152074076,-5.11514135322
CANTALPINO,41.1181918014,-5.30078737637
EL PEDROSO DE LA ARMUÑA,41.0799819074,-5.40621527248
PITIEGUA,41.0643213986,-5.47241287109
MORISCOS,41.010651507,-5.58606830086
BARBADILLO Y CALZADA,40.9101500801,-5.87841480693
ROBLIZA,40.8723910113,-6.00052122405
ALDEHUELA DE LA BOVEDA,40.8516129985,-6.05199141537
MUÑOZ,40.8135553886,-6.19700255832
MARTIN DE YELTES,40.7786149838,-6.29070236893
EL COLLADO,40.7631129579,-6.34747581992
SANCTI-SPIRITUS,40.7194350049,-6.40028890951
EL SALTO,40.6632584348,-6.4343898215
CARPIO DE AZABA,40.5758302097,-6.63139187025
ESPEJA,40.559754409,-6.72876534791
MATANEGRA,38.3693706783,-6.25541706822
VILLAGARCIA DE LA TORRE,38.2859453241,-6.09454039774
CASAS DE LA REINA,38.2015998428,-5.95594658314
LOS LABRADOS,37.7793232862,-5.76725001109
ALCONERA,38.3801526943,-6.48158004649
LOS JARALES-BODONAL,38.2048792644,-6.52266798809
E CERRO ANDEVALO,37.7054509255,-6.89279866514
LA ENCARNACION - KM. 143.6,37.5433506401,-6.93329437952
ALUMBRES,37.609878292,-0.915091533494
CUARTE DE HUERVA - KM. 111.2,41.6066988798,-0.932966341002
ALMOHAJA,40.6040107879,-1.44801004231
MASAMAGRELL,39.5704377629,-0.33291311074
ALBORAYA,39.4992476038,-0.346720446513
CUTAMILLA,41.0088648779,-2.71426163246
JUBERA APT - KM.175.0,41.1953067702,-2.33705026252
VELILLA DE EBRO,41.362513292,-0.447248336169
LA CANONJA,41.1114194219,1.18315757799
VILLARRUBIA DE SANTIAGO-A. V.,39.9556155772,-3.36893517532
CAMPOS DEL PARAISO,40.0274171605,-2.71764936304
POZORRUBIELOS,39.4735705164,-1.98973315973
LA GINETA-A. V.,39.0816235937,-1.93750554539
SAN ISIDRO,37.1936806562,-3.6418413942
LAS MARAVILLAS,37.0435444709,-4.69474753196
PINAR DE ANTEQUERA,41.5925414367,-4.7517221986
EL PLANTIO,40.4719924211,-3.83104324842
EL PLANTIO-MAJADAHONDA,40.4728933223,-3.83740856213
ALAMEDA,42.3483607581,-3.78071301146
BURGOS-HUELGAS,42.337082936,-3.72925114922
BURGOS,42.3344427447,-3.70772123627
CASTIL PEONES APD,42.4860363622,-3.38902075161
FEFASA,42.6964055909,-2.92575764732
VITORIA CONTENEDORES,42.8406932366,-2.66906347972
OTZAURTE SUBCENTRAL,42.9337650245,-2.24265501504
GAVIRIA,43.0588236536,-2.278719776
GAINCHURIZQUETA,43.3265095647,-1.8583332346
IRUN CARGAS,43.3384391951,-1.80581422395
BILBAO-LA NAJA,43.2600618344,-2.92590914443
ZORROTZA-PUERTO,43.2850805061,-2.96896738224
BILBAO-PUERTO,43.2653129932,-2.95146501261
SANTANDER CONTENEDORES,43.4574029053,-3.81367322342
CARGADERO DE MUSEL,43.5552389719,-5.71754874196
LA CAMOCHA,43.485431389,-5.66820285459
VALDEMANCO,40.8679133394,-3.66802641756
NAVARREDONDA-SAN MAMES,40.9876100832,-3.70651139172
OQUILLAS,41.8271576467,-3.6873218425
BAHABON DE ESGUEVA KM. 210.1,41.8705294788,-3.70423105142
COGOLLOS,42.1927403367,-3.71612076298
MURADAS,42.2874705535,-8.64924570836
FIGUEIRIDO,42.3798741074,-8.63270274961
CASAL,42.8617770432,-8.58768885717
VALDERREY,42.4093766581,-6.00725419898
SAN ROMAN,43.4488638751,-6.07720475937
VILLAR DE LOS ALAMOS,40.8686032333,-6.00747144081
MUÑOGRANDE,40.8211007712,-4.91125611588
EL MADROÑAL-FONTANOSA,38.7127018774,-4.61141559376
ALAMILLO - KM. 281.8,38.7205874671,-4.83516320727
CHILLON - KM. 288.9,38.7112449362,-4.87765138867
QUINTANA DE LA SERENA,38.7709300902,-5.6031168731
VILLAGONZALO,38.8640330677,-6.20749763745
MATANEGRA,38.3693706783,-6.25541706822
VENTASQUEMADAS,37.7287414303,-5.7604603657
LOS JARALES-BODONAL,38.2048792644,-6.52266798809
HUELVA-ODIEL,37.2566187807,-6.95721506613
EL TARAJAL,36.702222309,-4.51019987991
CERRO SALTADOR,37.0031928572,-2.53030783655
ARENALES,39.359883184,-3.04092112365
ALACANT-BENALUA,38.337827535,-0.493533448385
ESPINARDO,38.0092683076,-1.14756251067
MANUEL-L ENOVA,39.0461536124,-0.49152107608
EL HENARES - KM. 87.9,40.895343265,-3.10384039887
CUTAMILLA,41.0088648779,-2.71426163246
JUBERA,41.1963474,-2.34028722513
LA ALMOZARA,41.671691406,-0.933467075883
TARRAGONA-PUERTO,41.1099886859,1.24611569474
AZUCARERA DEL ESLA,41.9833237218,-5.67415199817
VILLABRAZARO,42.0519359172,-5.72388842608
SANTOVENIA DEL ESLA,41.8735007392,-5.69649155287
GRANJA DE MORERUELA-VILLAFILA,41.8318855901,-5.70429238096
BARCIAL DEL BARCO,41.9342727347,-5.66001504342
PIEDRAHITA DE CASTRO,41.6760050234,-5.72541286495
MORERUELA DE LOS INFANZONES,41.6325306039,-5.72578736107
CUBILLOS,41.5718077649,-5.73726834752
MANGANESES,41.7525759392,-5.71957395687
BENAVENTE,42.001251956,-5.68411732962
SALUDES,42.1448920735,-5.7693795779
CEBRONES DEL RIO,42.2479519239,-5.82720093884
VALCABADO,42.2004835739,-5.80312436916
MINGLANILLA,39.5479782791,-1.51460428554
